sample_stamp_sec,sample_stamp_nanosec,actual_pos_stamp_sec,actual_pos_stamp_nanosec,actual_pos_x,actual_pos_y,actual_pos_z,target_pos_stamp_sec,target_pos_stamp_nanosec,target_pos_x,target_pos_y,target_pos_z,distance,distance_sum,hdg,hdg_target,hdg_distance,hdg_distance_total
1763258768,469819043,1763258768,456424357,26.914451599121094,11.982379913330078,62.684696197509766,1763258768,431039367,28.62259870405282,12.461952621037845,77.01599072420714,14.440698,14.440698,,207.6160430908203,0.0,0.0
1763258768,969550090,1763258768,936084238,27.594533920288086,12.176279067993164,64.52776336669922,1763258768,931289841,29.442845234566164,12.6996530109013,79.52699128434652,15.121740,29.562438,,208.8361053466797,0.0,0.0
1763258769,469672449,1763258769,450270626,28.35329246520996,12.394932746887207,66.60716247558594,1763258769,430835786,30.261367494403743,12.937580706241384,82.0167203643601,15.536721,45.099159,,209.9774627685547,0.0,0.0
1763258769,969882983,1763258769,951963372,29.114151000976562,12.61398983001709,68.71453857421875,1763258769,930953341,31.08017300396611,13.176347331648302,84.48996315895245,15.907404,61.006563,,211.0440673828125,0.0,0.0
1763258770,470693027,1763258770,428126529,31.181989669799805,13.215617179870605,74.5886001586914,1763258770,431601033,31.899066304052894,13.415926813027781,86.94476036177593,12.378571,73.385134,,212.0366973876953,0.0,0.0
1763258770,969822955,1763258770,959044924,31.78506088256836,13.391059875488281,76.52498626708984,1763258770,930698297,32.714578099120075,13.655330041873654,89.36948353862651,12.880798,86.265931,,212.9526824951172,0.0,0.0
1763258771,470104973,1763258771,409470766,32.31157302856445,13.542424201965332,78.26344299316406,1763258771,430600635,33.53050546099402,13.895698289771346,91.77419897227213,13.570229,99.836161,,213.79791259765625,0.0,0.0
1763258771,969630743,1763258771,951243524,32.93403625488281,13.722563743591309,80.22702026367188,1763258771,930790445,34.34592358831273,14.13679044175953,94.1548612653927,14.005348,113.841509,,214.5727081298828,0.0,0.0
1763258772,470053537,1763258772,454086981,33.60136032104492,13.920002937316895,82.23722839355469,1763258772,431676063,35.161307125217974,14.378777961559393,96.51156163990207,14.366645,128.208154,,215.27899169921875,0.0,0.0
1763258772,969412948,1763258772,967450485,34.30398941040039,14.131561279296875,84.27302551269531,1763258772,930910707,35.97284902968599,14.62055684815541,98.83216682162234,14.662633,142.870787,,215.91537475585938,0.0,0.0
1763258773,470245972,1763258773,456224824,34.95743942260742,14.328132629394531,86.127685546875,1763258773,431272916,36.78500734354205,14.863482531819145,101.12828287916273,15.120996,157.991783,,216.4872589111328,0.0,0.0
1763258773,969818539,1763258773,945190500,35.54986572265625,14.506162643432617,87.78262329101562,1763258773,931467742,37.59568273215979,15.106958856320482,103.39273724749111,15.755062,173.746845,,216.99488830566406,0.0,0.0
1763258774,469839983,1763258774,435952878,36.39094924926758,14.757970809936523,90.08409881591797,1763258774,430724513,38.402815815854666,15.350391770314616,105.61877057618322,15.675605,189.422450,,217.43917846679688,0.0,0.0
1763258774,970232313,1763258774,949952778,37.16840744018555,14.990923881530762,92.18245697021484,1763258774,930917682,39.2102783340776,15.594977189036271,107.81597938546402,15.777869,205.200319,,217.8243865966797,0.0,0.0
1763258775,469964906,1763258775,455648071,37.955322265625,15.227354049682617,94.28776550292969,1763258775,430698587,40.01543293646304,15.839947187661942,109.97605810773885,15.834830,221.035149,,218.15122985839844,0.0,0.0
1763258775,969950132,1763258775,920378147,38.67334747314453,15.444872856140137,96.18892669677734,1763258775,930902130,40.819564387463345,16.08572138122696,112.10141791782115,16.069359,237.104509,,218.42247009277344,0.0,0.0
1763258776,469977608,1763258776,453888123,39.473724365234375,15.687625885009766,98.30410766601562,1763258776,431314506,41.62235154270792,16.332232784209033,114.19013609109179,16.043629,253.148137,,218.64016723632812,0.0,0.0
1763258776,969717223,1763258776,960065413,40.285499572753906,15.934854507446289,100.41739654541016,1763258776,930832185,42.4215691708915,16.57882417271705,116.23552888598905,15.974693,269.122830,,218.80616760253906,0.0,0.0
1763258777,469673458,1763258777,458896040,41.107112884521484,16.18555450439453,102.5234375,1763258777,431248839,43.220384722126454,16.826501395402595,118.24477058084753,15.875675,284.998504,,218.92355346679688,0.0,0.0
1763258777,970307198,1763258777,940816581,41.85150909423828,16.413633346557617,104.41838836669922,1763258777,930828787,44.015824732983106,17.074371853604717,120.20946239464091,15.952393,300.950898,,218.99432373046875,0.0,0.0
1763258778,469819552,1763258778,451051639,42.677181243896484,16.667762756347656,106.5069808959961,1763258778,431071408,44.81016683896979,17.323173513560292,122.13437821315279,15.785903,316.736801,,219.02122497558594,0.0,0.0
1763258778,969634175,1763258778,955760368,43.501129150390625,16.92393684387207,108.58655548095703,1763258778,931131885,45.60197975155609,17.572488746527412,124.01516288519184,15.584483,332.321284,,219.00669860839844,0.0,0.0
1763258779,470032637,1763258779,442685905,44.24925231933594,17.15782356262207,110.44193267822266,1763258779,431197017,46.39148267493613,17.822414759844214,125.85155993385044,15.572008,347.893292,,218.953369140625,0.0,0.0
1763258779,969760376,1763258779,943936850,45.092750549316406,17.42218589782715,112.50440979003906,1763258779,931599454,47.17913808857767,18.073128364077043,127.64384137422637,15.296376,363.189669,,218.8638153076172,0.0,0.0
1763258780,469722043,1763258780,457400717,45.93928527832031,17.687896728515625,114.54898071289062,1763258780,430986316,47.96270659576743,18.32394291107215,129.3862693906985,14.988126,378.177795,,218.74102783203125,0.0,0.0
1763258780,969990847,1763258780,922612616,46.70095443725586,17.93052864074707,116.37606048583984,1763258780,930857005,48.74448491168178,18.575620300724637,131.08333131186035,14.862570,393.040364,,218.58741760253906,0.0,0.0
1763258781,469551297,1763258781,457010967,47.552791595458984,18.201663970947266,118.38851928710938,1763258781,431004477,49.52407752842478,18.828065667166342,132.7334235604193,14.493261,407.533626,,218.4056854248047,0.0,0.0
1763258781,969540208,1763258781,964133219,48.41086959838867,18.47579574584961,120.3802490234375,1763258781,930918443,50.30051938087746,19.080995707944226,134.33389274005995,14.094013,421.627639,,218.19882202148438,0.0,0.0
1763258782,469480292,1763258782,466529156,49.26893615722656,18.753150939941406,122.3449935913086,1763258782,430704133,51.07396281884843,19.334487387229288,135.88453622723972,13.671697,435.299336,,217.96958923339844,0.0,0.0
1763258782,969762688,1763258782,930582878,50.042232513427734,19.004606246948242,124.09156799316406,1763258782,930873892,51.84515675017445,19.58881671140132,137.3862889267759,13.429127,448.728463,,217.72048950195312,0.0,0.0
1763258783,469768945,1763258783,450872646,50.90503692626953,19.288105010986328,126.0100326538086,1763258783,431064336,52.61332455073861,19.843758631434,138.83709984042358,12.952245,461.680708,,217.4545440673828,0.0,0.0
1763258783,970217545,1763258783,901021354,51.68370819091797,19.54391098022461,127.70648956298828,1763258783,930676121,53.37759325944097,20.099049839994507,140.23495395513052,12.654637,474.335345,,217.17486572265625,0.0,0.0
1763258784,469883443,1763258784,420635921,52.55476379394531,19.830717086791992,129.56178283691406,1763258784,431114449,54.1399947305886,20.35539978250152,141.5831242387714,12.136758,486.472103,,216.8834686279297,0.0,0.0
1763258784,969654188,1763258784,938151005,53.42227554321289,20.118450164794922,131.37631225585938,1763258784,930890812,54.898108969731254,20.612024759126328,142.87695118680017,11.605447,498.077550,,216.58404541015625,0.0,0.0
1763258785,469550480,1763258785,464122763,54.29085159301758,20.410839080810547,133.15318298339844,1763258785,430808316,55.653157810252964,20.869364905978664,144.11827762023034,11.058907,509.136457,,216.2788848876953,0.0,0.0
1763258785,970167153,1763258785,932902786,55.07402038574219,20.677234649658203,134.71737670898438,1763258785,930927907,56.4051557389532,21.127456563649908,145.30679700002125,10.682249,519.818706,,215.970703125,0.0,0.0
1763258786,469814649,1763258786,451929428,55.94778060913086,20.976165771484375,136.4216766357422,1763258786,430616089,57.152988908650826,21.385945535258905,146.4405508658443,10.099420,529.918126,,215.66265869140625,0.0,0.0
1763258786,969722871,1763258786,945163374,56.81680679321289,21.274171829223633,138.07522583007812,1763258786,931668397,57.89934994610513,21.645797206939754,147.52329566324414,9.517144,539.435270,,215.3563690185547,0.0,0.0
1763258787,469928030,1763258787,434684668,57.5866813659668,21.540693283081055,139.52883911132812,1763258787,430805455,58.63920916744087,21.905286867508025,148.54766728157307,9.087354,548.522624,,215.0565185546875,0.0,0.0
1763258787,970066992,1763258787,948751164,58.42814636230469,21.83412742614746,141.09547424316406,1763258787,930844232,59.376698194955026,22.165887177244436,149.5194353297518,8.483686,557.006310,,214.76405334472656,0.0,0.0
1763258788,469548743,1763258788,465735585,59.24290084838867,22.120685577392578,142.6167755126953,1763258788,431609952,60.111516997948456,22.427531503363063,150.43789663887114,7.875188,564.881498,,214.481689453125,0.0,0.0
1763258788,969859036,1763258788,911351989,59.95278549194336,22.37140464782715,143.93251037597656,1763258788,931618661,60.84130993117236,22.68941057356654,151.30009390881276,7.427778,572.309277,,214.212890625,0.0,0.0
1763258789,469619015,1763258789,442377648,60.72114562988281,22.64571762084961,145.3408966064453,1763258789,430766686,61.56593602402643,22.951493406315556,152.10613315741705,6.824632,579.133908,,213.96011352539062,0.0,0.0
1763258789,969922785,1763258789,954156340,61.47960662841797,22.920238494873047,146.69940185546875,1763258789,931408160,62.28869747969074,23.21500806074939,152.85966009047957,6.220153,585.354061,,213.72467041015625,0.0,0.0
1763258790,469592437,1763258790,462304929,62.2291145324707,23.192869186401367,147.9990692138672,1763258790,431346264,63.006343122327536,23.47880389283094,153.55727880910158,5.619567,590.973628,,213.51004028320312,0.0,0.0
1763258790,969334805,1763258790,967267671,62.97288131713867,23.466899871826172,149.24005126953125,1763258790,931571794,63.72024606564676,23.743412848552715,154.20054127542244,5.024089,595.997718,,213.31808471679688,0.0,0.0
1763258791,469777257,1763258791,433447266,63.6343994140625,23.7108097076416,150.29940795898438,1763258791,430632037,64.42821780786949,24.008047655783557,154.78780833794798,4.567739,600.565456,,213.15159606933594,0.0,0.0
1763258791,969564285,1763258791,952119830,64.36456298828125,23.982345581054688,151.4120635986328,1763258791,931419558,65.13459525513949,24.274364367455647,155.32280455883438,3.996513,604.561970,,213.01177978515625,0.0,0.0
1763258792,469604507,1763258792,439431134,65.02242279052734,24.232568740844727,152.35174560546875,1763258792,430763433,65.83402813231243,24.540376524235533,155.80174138615524,3.557516,608.119486,,212.90179443359375,0.0,0.0
1763258792,969920093,1763258792,944202644,65.75110626220703,24.51035499572754,153.32786560058594,1763258792,930928895,66.53037702234013,24.807576638769433,156.2277126663413,3.017402,611.136888,,212.82298278808594,0.0,0.0
1763258793,469917436,1763258793,454533007,66.47084045410156,24.78448486328125,154.22134399414062,1763258793,430774861,67.22178087894372,25.075285615724653,156.5998374914361,2.511117,613.648005,,212.777587890625,0.0,0.0
1763258793,969740822,1763258793,956104245,67.1824951171875,25.060792922973633,155.03607177734375,1763258793,930723696,67.90861045449265,25.343675220363963,156.9187611468177,2.037593,615.685598,,212.7674102783203,0.0,0.0
1763258794,469881123,1763258794,446448023,67.81803894042969,25.309799194335938,155.6943359375,1763258794,431028196,68.59128222374477,25.6129414936224,157.18505975199577,1.706475,617.392073,,212.7942657470703,0.0,0.0
1763258794,970068734,1763258794,948776678,68.52326202392578,25.589048385620117,156.3390655517578,1763258794,931654203,69.2696487914676,25.883062134713242,157.39905176440018,1.329326,618.721399,,212.85992431640625,0.0,0.0
1763258795,469569029,1763258795,452661247,69.22232055664062,25.866010665893555,156.881591796875,1763258795,430692589,69.94096884740972,26.152965783789853,157.56059564630954,1.029488,619.750887,,212.96556091308594,0.0,0.0
1763258795,969681557,1763258795,939344309,69.84320068359375,26.11436653137207,157.27899169921875,1763258795,931011876,70.60915443954556,26.424253055090077,157.67124750219938,0.914647,620.665534,,213.1132354736328,0.0,0.0
1763258796,469819093,1763258796,441983848,70.53189849853516,26.39228630065918,157.60231018066406,1763258796,430865005,71.27171404449558,26.695949358546443,157.73107248028407,0.810011,621.475545,,213.30392456054688,0.0,0.0
1763258796,969942600,1763258796,954767942,71.21775817871094,26.673542022705078,157.77159118652344,1763258796,931074981,71.92965375961145,26.96849638740636,157.74082802944176,0.771194,622.246739,,213.5391845703125,0.0,0.0
1763258797,470070167,1763258797,414908114,71.83110046386719,26.928993225097656,157.75875854492188,1763258797,431434217,72.58268012939891,27.24180711915639,157.70111703427207,0.816117,623.062856,,213.8201904296875,0.0,0.0
1763258797,969890578,1763258797,947995059,72.50321197509766,27.209665298461914,157.6375732421875,1763258797,930653213,73.22904187712277,27.515170774305204,157.6129059372644,0.787890,623.850746,,214.14712524414062,0.0,0.0
1763258798,469615993,1763258798,454366389,73.17578125,27.493244171142578,157.4800567626953,1763258798,430646853,73.87113303000658,27.789627106574542,157.4766748750842,0.755889,624.606635,,214.5221405029297,0.0,0.0
1763258798,969883168,1763258798,912180615,73.78035736083984,27.751142501831055,157.32005310058594,1763258798,931671553,74.50921582709532,28.06533469748385,157.29289261018016,0.794159,625.400795,,214.946533203125,0.0,0.0
1763258799,469962705,1763258799,437034783,74.44551086425781,28.037338256835938,157.11383056640625,1763258799,430801664,75.13949321468539,28.340675808180805,157.0635978370019,0.759044,626.159839,,215.4184112548828,0.0,0.0
1763258799,969890459,1763258799,955772772,75.09833526611328,28.32120704650879,156.8707275390625,1763258799,930903036,75.76550960748085,28.617220873291643,156.78849239631091,0.734512,626.894351,,215.94094848632812,0.0,0.0
1763258800,469545221,1763258800,463144177,75.7439193725586,28.605396270751953,156.5874786376953,1763258800,430897188,76.3858680955721,28.89439139816004,156.46895497985378,0.713908,627.608259,,216.51365661621094,0.0,0.0
1763258800,969658440,1763258800,946813942,76.32235717773438,28.863920211791992,156.299560546875,1763258800,930662147,77.00032429489752,29.172105637775218,156.1060788590147,0.769450,628.377709,,217.1366729736328,0.0,0.0
1763258801,469507734,1763258801,456783823,76.9593505859375,29.15260887145996,155.94471740722656,1763258801,430628440,77.60937953976895,29.450620633059117,155.70052180397846,0.755632,629.133341,,217.81080627441406,0.0,0.0
1763258801,969635349,1763258801,927768981,78.45777893066406,29.838796615600586,155.02320861816406,1763258801,931373869,78.21363236873435,29.730250696032755,155.25272996573028,0.352235,629.485577,,218.53712463378906,0.0,0.0
1763258802,470637013,1763258802,435349190,78.7223129272461,29.957674026489258,154.83718872070312,1763258802,431254954,78.81106155307924,30.010090605573907,154.76522065897373,0.125711,629.611287,,219.313232421875,0.0,0.0
1763258802,970240683,1763258802,947926525,79.03492736816406,30.100299835205078,154.51173400878906,1763258802,931358291,79.40285003101431,30.29071862401139,154.2381551964384,0.496459,630.107747,,220.14053344726562,0.0,0.0
1763258803,469751726,1763258803,405344507,79.41207122802734,30.279932022094727,154.12454223632812,1763258803,430628527,79.9877470378432,30.571565841389145,153.67379320086764,0.787164,630.894911,,221.0170135498047,0.0,0.0
1763258803,970725894,1763258803,930191762,79.92460632324219,30.532920837402344,153.6356964111328,1763258803,931191714,80.56822426278231,30.85385558095504,153.0707709115529,0.914540,631.809451,,221.9462127685547,0.0,0.0
1763258804,469796612,1763258804,451942369,80.49066162109375,30.81538963317871,153.1060333251953,1763258804,431155436,81.14187626543915,31.136456433211904,152.43261201194537,0.990283,632.799734,,222.9240264892578,0.0,0.0
1763258804,969650743,1763258804,964016820,81.07855224609375,31.111343383789062,152.53907775878906,1763258804,931371482,81.70975448762823,31.419913454109548,151.75933114819716,1.049589,633.849323,,223.95166015625,0.0,0.0
1763258805,470253515,1763258805,421863846,81.60768127441406,31.37833023071289,152.00291442871094,1763258805,431061766,82.27081472649542,31.70373346626485,151.0533578652247,1.203034,635.052357,,225.02659606933594,0.0,0.0
1763258805,969801765,1763258805,947078288,82.19374084472656,31.67446517944336,151.37850952148438,1763258805,930879261,82.82590403807288,31.98837221304666,150.31484674694815,1.276537,636.328894,,226.14964294433594,0.0,0.0
1763258806,470016437,1763258806,437589763,82.7190170288086,31.941436767578125,150.78939819335938,1763258806,431343502,83.37525902137185,32.273990901140394,149.5445931666038,1.445955,637.774849,,227.3206024169922,0.0,0.0
1763258806,969988841,1763258806,927240590,83.30139923095703,32.23991394042969,150.0975799560547,1763258806,931648522,83.9181311204068,32.560236401603134,148.74481855313638,1.520831,639.295680,,228.53700256347656,0.0,0.0
1763258807,469784888,1763258807,459221363,83.87456512451172,32.538330078125,149.380859375,1763258807,431837552,84.45447777397752,32.84711506511391,147.91684693594573,1.604674,640.900354,,229.79763793945312,0.0,0.0
1763258807,969946974,1763258807,955596049,84.43325805664062,32.83306121826172,148.63644409179688,1763258807,931390091,84.98374881204441,33.134355643361516,147.0628544209713,1.694108,642.594463,,231.0999298095703,0.0,0.0
1763258808,469820443,1763258808,419141292,84.93063354492188,33.10027313232422,147.94284057617188,1763258808,430777536,85.50618328560967,33.42210809049379,146.18381585098035,1.878564,644.473027,,232.4430694580078,0.0,0.0
1763258808,969634262,1763258808,943476565,85.47596740722656,33.39846420288086,147.14529418945312,1763258808,930658939,86.02263569562052,33.71087776177538,145.2795418720092,1.969132,646.442159,,233.82789611816406,0.0,0.0
1763258809,469820527,1763258809,462799907,86.0101318359375,33.69705581665039,146.3273162841797,1763258809,430776000,86.53270333717256,34.000481627560404,144.35194141070826,2.065733,648.507892,,235.2519989013672,0.0,0.0
1763258809,970437197,1763258809,910067679,86.48004150390625,33.962371826171875,145.5719451904297,1763258809,931011355,87.0361979516373,34.29084930268537,143.40262171383733,2.263442,650.771334,,236.71334838867188,0.0,0.0
1763258810,469877847,1763258810,451803768,86.99678039550781,34.259159088134766,144.70687866210938,1763258810,431549176,87.5332293951063,34.58208149215315,142.43264806409547,2.358852,653.130186,,238.21063232421875,0.0,0.0
1763258810,969701014,1763258810,938579353,87.50968170166016,34.56005859375,143.81871032714844,1763258810,931627442,88.02301698125284,34.873750372872706,141.4448806317717,2.448874,655.579060,,239.73973083496094,0.0,0.0
1763258811,469953511,1763258811,454765448,88.01782989501953,34.86241912841797,142.90988159179688,1763258811,431036060,88.5052830298991,35.16570603745366,140.44131444778807,2.534446,658.113506,,241.29771423339844,0.0,0.0
1763258811,970342085,1763258811,939124672,88.4631118774414,35.13167953491211,142.07867431640625,1763258811,931576404,88.98180115775314,35.45906138998889,139.41954471641034,2.728954,660.842460,,242.88844299316406,0.0,0.0
1763258812,470114896,1763258812,444283647,88.9512710571289,35.43064498901367,141.13772583007812,1763258812,431096511,89.45029204966978,35.75244604216175,138.38578710115434,2.815270,663.657730,,244.50228881835938,0.0,0.0
1763258812,969846113,1763258812,955607045,89.43868255615234,35.7347297668457,140.17771911621094,1763258812,931419872,89.9125887575546,36.04703575001243,137.3373609811156,2.896508,666.554237,,246.1433868408203,0.0,0.0
1763258813,470497172,1763258813,422422730,89.87300109863281,36.011817932128906,139.29530334472656,1763258813,430717642,90.36690112984013,36.34171925475049,136.2796770965321,3.073560,669.627798,,247.8031768798828,0.0,0.0
1763258813,969670454,1763258813,951337323,90.3446044921875,36.31864929199219,138.3037109375,1763258813,931628965,90.81557149839361,36.638057450885,135.20857634496545,3.147013,672.774811,,249.48802185058594,0.0,0.0
1763258814,469845399,1763258814,454707212,90.80643463134766,36.62346267700195,137.2970733642578,1763258814,431248270,91.25590100361599,36.93430451430889,134.13181745246186,3.212085,675.986895,,251.1854705810547,0.0,0.0
1763258814,969427500,1763258814,968034329,91.25956726074219,36.92698669433594,136.28253173828125,1763258814,931664199,91.68974122169541,37.23172969562168,133.04625241966136,3.278936,679.265831,,252.90017700195312,0.0,0.0
1763258815,469664909,1763258815,444770379,91.66333770751953,37.20048141479492,135.353759765625,1763258815,431304149,92.11568393829307,37.52940057512228,131.95673313803874,3.442760,682.708591,,254.6240997314453,0.0,0.0
1763258815,970308229,1763258815,947386712,92.10420227050781,37.50627899169922,134.31072998046875,1763258815,931015699,92.53442204966656,37.82782200899163,130.86286197404104,3.489452,686.198043,,256.357421875,0.0,0.0
1763258816,469850750,1763258816,452029471,92.5376205444336,37.81468963623047,133.2538299560547,1763258816,430655523,92.94572022081945,38.12685764139009,129.7665756268547,3.524902,689.722945,,258.0965881347656,0.0,0.0
1763258816,970022751,1763258816,932576490,92.92182922363281,38.09561538696289,132.2943878173828,1763258816,931197885,93.3504424020562,38.42718335166043,128.6668297730954,3.667809,693.390754,,259.8426513671875,0.0,0.0
1763258817,469987512,1763258817,449243008,93.34175872802734,38.40724563598633,131.2201690673828,1763258817,431000780,93.74706617447035,38.727704585629255,127.56905564329544,3.687492,697.078246,,261.5863952636719,0.0,0.0
1763258817,969839526,1763258817,948407698,93.75346374511719,38.718597412109375,130.1409912109375,1763258817,930832824,94.13632708077128,39.02899753724948,126.47255424037549,3.701400,700.779646,,263.3282165527344,0.0,0.0
1763258818,469507527,1763258818,465790360,94.154541015625,39.029029846191406,129.0565643310547,1763258818,430756070,94.51809546600964,39.33099698913328,125.3789636089723,3.707843,704.487490,,265.06475830078125,0.0,0.0
1763258818,969849259,1763258818,946100031,94.50933837890625,39.31024169921875,128.07565307617188,1763258818,931251662,94.89275092551559,39.63404770872876,124.28843368409206,3.820325,708.307815,,266.79498291015625,0.0,0.0
1763258819,469901783,1763258819,450099368,94.89652252197266,39.62282943725586,126.98267364501953,1763258819,431209165,95.25942429771162,39.93748050148872,123.20474611776191,3.808338,712.116153,,268.5120544433594,0.0,0.0
1763258819,969850350,1763258819,906466958,95.23872375488281,39.90460205078125,125.99484252929688,1763258819,931538463,95.61874581948416,40.24184676209734,122.12728547915324,3.900788,716.016941,,270.21600341796875,0.0,0.0
1763258820,470300725,1763258820,434240632,95.60884094238281,40.21577453613281,124.89977264404297,1763258820,431951033,95.97053862834352,40.54704236169253,121.05777834809504,3.873175,719.890116,,271.90313720703125,0.0,0.0
1763258820,969818095,1763258820,949631668,95.97074127197266,40.528564453125,123.80182647705078,1763258820,931157608,96.31357081151856,40.852002244311876,120.00122926387576,3.829711,723.719827,,273.5645446777344,0.0,0.0
1763258821,469926789,1763258821,453083616,96.32546997070312,40.84309387207031,122.7100601196289,1763258821,431489705,96.64975716443807,41.15845638855235,118.95293403421994,3.784258,727.504085,,275.20660400390625,0.0,0.0
1763258821,969958117,1763258821,941879877,96.63833618164062,41.12781524658203,121.72735595703125,1763258821,931684057,96.97810091994474,41.46555741773017,117.91711713068186,3.840238,731.344324,,276.8215026855469,0.0,0.0
1763258822,469807230,1763258822,440202169,96.9785385131836,41.444480895996094,120.64344787597656,1763258822,431240847,97.29815153239609,41.772896942410455,116.89637067470647,3.774996,735.119320,,278.40411376953125,0.0,0.0
1763258822,969633906,1763258822,905342359,97.27415466308594,41.72785568237305,119.67151641845703,1763258822,931773132,97.61099963581145,42.081562012678916,115.88832705567884,3.814590,738.933910,,279.95684814453125,0.0,0.0
1763258823,470062364,1763258823,420266955,97.59706115722656,42.04511642456055,118.60248565673828,1763258823,431204988,97.91528321276957,42.39023952841055,114.89847061232798,3.733645,742.667554,,281.4700927734375,0.0,0.0
1763258823,969754006,1763258823,936157989,97.91322326660156,42.36311340332031,117.54078674316406,1763258823,931020244,98.21191293924583,42.69986818719626,113.9249272028509,3.643770,746.311324,,282.94537353515625,0.0,0.0
1763258824,469836079,1763258824,447646641,98.21974182128906,42.68202590942383,116.48663330078125,1763258824,431365414,98.50087575858245,43.01049147739789,112.96875980353329,3.544342,749.855666,,284.3797912597656,0.0,0.0
1763258824,970553472,1763258824,911523107,98.48873138427734,42.9714469909668,115.54408264160156,1763258824,931337315,98.78165711906638,43.32159302152671,112.03268420176866,3.540950,753.396616,,285.7678527832031,0.0,0.0
1763258825,469730030,1763258825,425595916,98.78007507324219,43.292232513427734,114.50751495361328,1763258825,430693997,99.05409232923786,43.63299533661986,111.1182560186326,3.417350,756.813966,,287.1059875488281,0.0,0.0
1763258825,969849235,1763258825,947479955,99.06341552734375,43.61392593383789,113.48585510253906,1763258825,931425896,99.31924786033872,43.94597371304373,110.22284064467352,3.289828,760.103794,,288.3965148925781,0.0,0.0
1763258826,469560298,1763258826,462845553,99.33802795410156,43.93828582763672,112.47621154785156,1763258826,430820860,99.57563048770534,44.25880060173428,109.35240639378821,3.149181,763.252976,,289.6294250488281,0.0,0.0
1763258826,969725848,1763258826,939276880,99.57719421386719,44.22931671142578,111.58352661132812,1763258826,930831508,99.82431367720294,44.57280050839941,108.50421416754544,3.108249,766.361225,,290.80712890625,0.0,0.0
1763258827,469604610,1763258827,433525669,99.83475494384766,44.551719665527344,110.6077880859375,1763258827,431364054,100.06496107199344,44.88761330377376,107.68026538421137,2.955708,769.316933,,291.92529296875,0.0,0.0
1763258827,970564725,1763258827,926334438,100.05863189697266,44.84346008300781,109.7467269897461,1763258827,930768035,100.29701803035016,45.202520901722494,106.8832969985307,2.895684,772.212617,,292.9787292480469,0.0,0.0
1763258828,469716153,1763258828,441042174,100.30008697509766,45.16967010498047,108.80790710449219,1763258828,431324666,100.52142512636266,45.5188397991583,106.11087614435606,2.728532,774.941148,,293.9690856933594,0.0,0.0
1763258828,970006569,1763258828,940129591,100.53211212158203,45.4969367980957,107.89527130126953,1763258828,931306016,100.73738084449826,45.83549469659691,105.36652213486016,2.559556,777.500705,,294.8902587890625,0.0,0.0
1763258829,469756322,1763258829,443704834,100.75653839111328,45.82372283935547,107.0035629272461,1763258829,431143056,100.94507022717329,46.15276427109494,104.65032700025878,2.383596,779.884301,,295.7405700683594,0.0,0.0
1763258829,969769062,1763258829,933230694,100.9505615234375,46.11769485473633,106.22221374511719,1763258829,931291124,101.14462001430776,46.47088058344822,103.96254528168834,2.295321,782.179623,,296.51812744140625,0.0,0.0
1763258830,469584979,1763258830,451896010,101.15752410888672,46.44520568847656,105.37863159179688,1763258830,431566276,101.33597206582817,46.78980214542423,103.30403333316531,2.110580,784.290203,,297.2203369140625,0.0,0.0
1763258830,969818137,1763258830,948782876,101.35462188720703,46.77293395996094,104.56800079345703,1763258830,930738757,101.51862554544321,47.10868611908873,102.67712734748932,1.927441,786.217644,,297.8431701660156,0.0,0.0
1763258831,470213835,1763258831,429331376,101.5238265991211,47.06761932373047,103.8638687133789,1763258831,431031315,101.69339804813352,47.42899400795062,102.07960027895865,1.828376,788.046020,,298.3872375488281,0.0,0.0
1763258831,969760986,1763258831,924396316,101.70651245117188,47.39856719970703,103.1129379272461,1763258831,930739385,101.85964011055854,47.74959449298933,101.51421622093713,1.643952,789.689972,,298.8482971191406,0.0,0.0
1763258832,469859723,1763258832,454211966,101.87944030761719,47.730831146240234,102.39665985107422,1763258832,431112286,102.01776141231878,48.07131400745021,100.98008402598666,1.463471,791.153444,,299.2254638671875,0.0,0.0
1763258832,969521675,1763258832,966330832,102.04247283935547,48.06296157836914,101.7161865234375,1763258832,931470236,102.16751555293843,48.39372037665609,100.47850587087441,1.287203,792.440646,,299.51605224609375,0.0,0.0
1763258833,469927637,1763258833,433008934,102.35807800292969,48.75497817993164,100.23726654052734,1763258833,431260423,102.3087204260706,48.71642101036407,100.01050451889671,0.235253,792.675899,,299.7179870605469,0.0,0.0
1763258833,970048825,1763258833,950827938,102.42009735107422,48.90556716918945,99.85264587402344,1763258833,930815435,102.44149694598977,49.03967788144308,99.57604633667361,0.308141,792.984040,,299.8298645019531,0.0,0.0
1763258834,469645980,1763258834,421176603,102.49177551269531,49.086944580078125,99.49784851074219,1763258834,430637170,102.56594955577626,49.36378226021667,99.17512944044171,0.431612,793.415652,,299.8501281738281,0.0,0.0
1763258834,970230978,1763258834,941320396,102.58988952636719,49.34880065917969,99.09933471679688,1763258834,930743090,102.68205884528821,49.688753346212906,98.80812514513168,0.457019,793.872670,,299.77703857421875,0.0,0.0
1763258835,469499899,1763258835,455079584,102.69770812988281,49.658138275146484,98.7137222290039,1763258835,430717071,102.78971099244583,50.01431642833208,98.47565279327856,0.438183,794.310853,,299.6091613769531,0.0,0.0
1763258835,969429794,1763258835,965731247,102.80792236328125,49.99337387084961,98.3537368774414,1763258835,931245391,102.88903437022944,50.34092611996958,98.17754131211416,0.398016,794.708869,,299.3448181152344,0.0,0.0
1763258836,469675903,1763258836,444752786,102.90084075927734,50.29743957519531,98.06015014648438,1763258836,430583214,102.97968516380215,50.66743010501163,97.91497647739254,0.405197,795.114067,,298.9839172363281,0.0,0.0
1763258836,969512828,1763258836,947278269,102.9964370727539,50.63508987426758,97.76815032958984,1763258836,931186574,103.06210412505843,50.995456977138275,97.6868143769468,0.375223,795.489289,,298.52349853515625,0.0,0.0
1763258837,469892510,1763258837,459628811,103.08380126953125,50.976192474365234,97.51885223388672,1763258837,430614809,103.13586912107914,51.323367389987894,97.49431349401296,0.351914,795.841204,,297.96490478515625,0.0,0.0
1763258837,969549840,1763258837,924091515,103.15571594238281,51.28413772583008,97.33458709716797,1763258837,931717930,103.2013911592164,51.65307814968813,97.33646557441801,0.371762,796.212965,,297.3038330078125,0.0,0.0
1763258838,469607715,1763258838,439175038,103.22642517089844,51.627403259277344,97.17925262451172,1763258838,430921026,103.25819699456366,51.98221530935264,97.2144042981979,0.357962,796.570927,,296.54437255859375,0.0,0.0
1763258838,969789044,1763258838,955213344,103.28728485107422,51.96763229370117,97.08282470703125,1763258838,930970160,103.30661464925136,52.312544950871555,97.12732741759365,0.348309,796.919236,,295.68218994140625,0.0,0.0
1763258839,469377792,1763258839,467288991,103.33929443359375,52.30852508544922,97.03916931152344,1763258839,430664787,103.34652060657007,52.643337427356215,97.07540179237094,0.336845,797.256080,,294.7185974121094,0.0,0.0
1763258839,969707198,1763258839,946662733,103.37711334228516,52.61679458618164,97.0327377319336,1763258839,931305074,103.37799628381664,52.97543231525536,97.05844079436586,0.359559,797.615639,,293.6506042480469,0.0,0.0
1763258840,469816242,1763258840,459794821,103.41056060791016,52.96159744262695,97.06242370605469,1763258840,431297610,103.40093049042194,53.307764952117694,97.07636230194402,0.346582,797.962221,,292.4813232421875,0.0,0.0
1763258840,970952832,1763258840,905225925,103.43234252929688,53.26815414428711,97.11778259277344,1763258840,931273204,103.41536754715831,53.64075060661004,97.12890435069119,0.373149,798.335370,,291.20941162109375,0.0,0.0
1763258841,469907582,1763258841,449061466,103.45011901855469,53.60715866088867,97.20868682861328,1763258841,430687808,103.42130610971012,53.9740416556119,97.2156948150189,0.368079,798.703449,,289.8364562988281,0.0,0.0
1763258841,969578235,1763258841,940199491,103.45801544189453,53.950077056884766,97.33251190185547,1763258841,930780503,103.41875743731,54.30844881666941,97.33665400588878,0.360539,799.063988,,288.3592224121094,0.0,0.0
1763258842,470157589,1763258842,404205037,103.4570541381836,54.26140594482422,97.46937561035156,1763258842,430748002,103.40771410751084,54.64340723690688,97.49127944051727,0.385797,799.449785,,286.7803955078125,0.0,0.0
1763258842,970342844,1763258842,939776354,103.44776153564453,54.60778045654297,97.64791107177734,1763258842,930909088,103.38816793496247,54.97918243356409,97.67930527963593,0.377460,799.827246,,285.0991516113281,0.0,0.0
1763258843,470750585,1763258843,443644959,103.42987823486328,54.95339584350586,97.85480499267578,1763258843,430991085,103.36013008541538,55.31556811784574,97.900192516895,0.371609,800.198855,,283.3170471191406,0.0,0.0
1763258843,970476016,1763258843,949593708,103.40152740478516,55.30246353149414,98.09122467041016,1763258843,930873469,103.32361815842691,55.652482941565324,98.15337945569661,0.363932,800.562787,,281.4353332519531,0.0,0.0
1763258844,469766504,1763258844,462980078,103.3622817993164,55.65593719482422,98.358154296875,1763258844,431269788,103.27857492285452,55.99042008888473,98.43874379230468,0.354091,800.916878,,279.4519958496094,0.0,0.0
1763258844,969926760,1763258844,940521971,103.31964111328125,55.97175598144531,98.62066650390625,1763258844,931098729,103.2251134416253,56.328591567639464,98.75504433591806,0.392842,801.309720,,277.3726501464844,0.0,0.0
1763258845,469919575,1763258845,453017404,103.26513671875,56.319007873535156,98.93901062011719,1763258845,431050466,103.16316945744776,56.66752179758991,99.10211864499311,0.398075,801.707795,,275.1952819824219,0.0,0.0
1763258845,969399846,1763258845,965936992,103.20136260986328,56.66675567626953,99.28398895263672,1763258845,931259961,103.09272806076558,57.00727873669685,99.47942184524933,0.407371,802.115166,,272.920654296875,0.0,0.0
1763258846,470158837,1763258846,447374211,103.13688659667969,56.98025894165039,99.61599731445312,1763258846,430701499,103.01395770264773,57.34715517783975,99.88543207110445,0.471508,802.586674,,270.554931640625,0.0,0.0
1763258846,970747069,1763258846,946670792,103.05520629882812,57.331993103027344,100.01204681396484,1763258846,930898206,102.92661903038547,57.68822383400837,100.32070084041271,0.488572,803.075245,,268.0921630859375,0.0,0.0
1763258847,469595561,1763258847,463576746,102.96661376953125,57.6834602355957,100.43182373046875,1763258847,430660955,102.8309345295637,58.029624750235,100.7833890467682,0.511700,803.586945,,265.5400390625,0.0,0.0
1763258847,969898312,1763258847,939166622,102.87965393066406,57.999393463134766,100.82879638671875,1763258847,931489914,102.72660116132957,58.37242417213767,101.27418259024358,0.600788,804.187733,,262.8921813964844,0.0,0.0
1763258848,469656088,1763258848,451054062,102.7719497680664,58.353721618652344,101.294921875,1763258848,430956810,102.61416242812668,58.71490248049662,101.78975021880143,0.632616,804.820350,,260.163818359375,0.0,0.0
1763258848,969740570,1763258848,957735421,102.6552734375,58.709049224853516,101.78619384765625,1763258848,931117215,102.49316430868505,59.05853333014308,102.33137784291841,0.667566,805.487915,,257.34527587890625,0.0,0.0
1763258849,469727749,1763258849,439109906,102.5438003540039,59.0258903503418,102.24504852294922,1763258849,430955597,102.3638718105622,59.402576232206926,102.89701161494268,0.774159,806.262075,,254.4446563720703,0.0,0.0
1763258849,969993309,1763258849,952556980,102.41333770751953,59.37946319580078,102.77928161621094,1763258849,931017427,102.22615533862546,59.7474227704206,103.48633711249178,0.818755,807.080829,,251.46084594726562,0.0,0.0
1763258850,469875127,1763258850,455277764,102.27294921875,59.73414611816406,103.33422088623047,1763258850,430987732,102.08009912626244,60.09288956620817,104.09807029187158,0.865652,807.946481,,248.39767456054688,0.0,0.0
1763258850,969846097,1763258850,932542703,102.13841247558594,60.05403137207031,103.85332489013672,1763258850,931918912,101.9254082194902,60.43966100261484,104.73246227873358,0.983343,808.929824,,245.25128173828125,0.0,0.0
1763258851,469619880,1763258851,449968055,101.98143768310547,60.408809661865234,104.4468765258789,1763258851,431744737,101.76282238929176,60.78613943234373,105.38551900187424,1.034998,809.964822,,242.03871154785156,0.0,0.0
1763258851,969939768,1763258851,949144162,101.81568145751953,60.764896392822266,105.06046295166016,1763258851,930793973,101.592174684068,61.132821026572074,106.05698893566344,1.085536,811.050358,,238.75839233398438,0.0,0.0
1763258852,469479412,1763258852,429230155,101.65734100341797,61.088722229003906,105.63056182861328,1763258852,431201095,101.41276942548704,61.48112037225184,106.74854890501919,1.209829,812.260187,,235.39944458007812,0.0,0.0
1763258852,969762355,1763258852,937349071,101.47298431396484,61.44752502441406,106.2815933227539,1763258852,931208649,101.22529875480981,61.82969209969623,107.45643956079873,1.260025,813.520212,,231.9774627685547,0.0,0.0
1763258853,469854531,1763258853,453675085,101.28105163574219,61.80752182006836,106.95230102539062,1763258853,431017839,101.02966429806187,62.178788516322086,108.17998227214673,1.306995,814.827207,,228.49293518066406,0.0,0.0
1763258853,970122110,1763258853,947214055,101.07896423339844,62.16728210449219,107.63914489746094,1763258853,931399125,100.82558938548371,62.52892489969649,108.919077783668,1.353962,816.181169,,224.94361877441406,0.0,0.0
1763258854,470177196,1763258854,429154195,100.8897933959961,62.4924201965332,108.27162170410156,1763258854,430813693,100.61375284371951,62.878992790851996,109.67016329500223,1.477009,817.658178,,221.34381103515625,0.0,0.0
1763258854,969976366,1763258854,949463924,100.6719741821289,62.85475540161133,108.98828125,1763258854,931420812,100.39325027710632,63.23051924443247,110.43528930615744,1.520762,819.178940,,217.68089294433594,0.0,0.0
1763258855,469806508,1763258855,456120920,100.446044921875,63.2177619934082,109.7208480834961,1763258855,431071059,100.1650372952091,63.582011485544484,111.20996345338033,1.558559,820.737500,,213.97354125976562,0.0,0.0
1763258855,970067520,1763258855,913403798,100.2359848022461,63.54365921020508,110.38934326171875,1763258855,931086342,99.92856701744597,63.934372724675,111.9948877410211,1.680755,822.418254,,210.21554565429688,0.0,0.0
1763258856,469802761,1763258856,442846815,99.99370574951172,63.90651321411133,111.14695739746094,1763258856,431594208,99.68378906457106,64.28768978816774,112.7889839351879,1.713941,824.132195,,206.4091796875,0.0,0.0
1763258856,970322892,1763258856,940149829,99.74168395996094,64.2723388671875,111.91656494140625,1763258856,930874070,99.43157445562983,64.64076980488825,113.5882507669471,1.739667,825.871863,,202.5707244873047,0.0,0.0
1763258857,470074610,1763258857,459241050,99.48004913330078,64.63846588134766,112.69622802734375,1763258857,430953804,99.17095055349995,64.99502780948855,114.39456253565187,1.762674,827.634537,,198.68821716308594,0.0,0.0
1763258857,970299358,1763258857,945643921,99.23863983154297,64.96531677246094,113.40182495117188,1763258857,931261176,98.90224846858685,65.35002414959828,115.20559391604255,1.874764,829.509301,,194.76986694335938,0.0,0.0
1763258858,469657751,1763258858,448541260,98.96903991699219,65.32440185546875,114.19354248046875,1763258858,431001629,98.62588245692703,65.70526217878309,116.01885867341417,1.895941,831.405242,,190.8246307373047,0.0,0.0
1763258858,969838021,1763258858,945364773,98.71381378173828,65.65337371826172,114.9129409790039,1763258858,931625352,98.34111994490432,66.06171458610102,116.83522260311136,2.000202,833.405444,,186.84524536132812,0.0,0.0
1763258859,470160406,1763258859,421657814,98.41439056396484,66.0281753540039,115.72264862060547,1763258859,430836555,98.04929312916006,66.41776982622805,117.64962772233136,1.999582,835.405026,,182.853271484375,0.0,0.0
1763258859,970229064,1763258859,953828619,98.11273193359375,66.39558410644531,116.53291320800781,1763258859,930937023,97.74910888516081,66.77506039329236,118.46443308968658,2.001747,837.406773,,178.83401489257812,0.0,0.0
1763258860,469604880,1763258860,464782397,97.83694458007812,66.7250747680664,117.26630401611328,1763258860,431256258,97.44096373654524,67.13312562271594,119.2771949837489,2.089734,839.496508,,174.7962188720703,0.0,0.0
1763258860,970306361,1763258860,926179726,97.51881408691406,67.09671783447266,118.08908081054688,1763258860,930916808,97.12549118366245,67.49128210789299,120.08497986301896,2.072196,841.568704,,170.75120544433594,0.0,0.0
1763258861,469614356,1763258861,432780103,97.19525146484375,67.46570587158203,118.90867614746094,1763258861,431306461,96.80181417966804,67.85056581313107,120.88873047157075,2.055122,843.623825,,166.69093322753906,0.0,0.0
1763258861,969601016,1763258861,947118587,96.86473083496094,67.8344497680664,119.72990417480469,1763258861,930818112,96.47103352783725,68.2097995865133,121.68442497412846,2.028802,845.652627,,162.63232421875,0.0,0.0
1763258862,469698563,1763258862,413643531,96.56018829345703,68.16585540771484,120.4658203125,1763258862,430899816,96.13221763781375,68.57004360060755,122.47302583468826,2.091746,847.744373,,158.56703186035156,0.0,0.0
1763258862,969891506,1763258862,954928104,96.2152328491211,68.53670501708984,121.28390502929688,1763258862,931233515,95.78556527569116,68.93110742398413,123.25269697242484,2.053365,849.797738,,154.5008544921875,0.0,0.0
1763258863,470268804,1763258863,448287967,95.85792541503906,68.90955352783203,122.09735870361328,1763258863,431422401,95.431511880106,69.29257741418562,124.02115195847288,2.007366,851.805104,,150.44207763671875,0.0,0.0
1763258863,970504616,1763258863,906516485,95.52742767333984,69.24795532226562,122.8277587890625,1763258863,931144926,95.07026684443039,69.65429650598986,124.77669889373018,2.042664,853.847768,,146.39605712890625,0.0,0.0
1763258864,469960767,1763258864,437973166,94.57667541503906,70.18873596191406,124.96971893310547,1763258864,430930359,94.7014879529608,70.01665677851527,125.51879521503716,0.588790,854.436559,,142.3619384765625,0.0,0.0
1763258864,969699021,1763258864,961436763,94.41090393066406,70.34883880615234,125.52667999267578,1763258864,930879731,94.32515565377514,70.37971406065411,126.24617464021584,0.725244,855.161802,,138.3426971435547,0.0,0.0
1763258865,469520116,1763258865,435646972,94.23655700683594,70.51583862304688,126.04165649414062,1763258865,430998160,93.94128142519845,70.74349189322804,126.9575049925145,0.988834,856.150636,,134.34161376953125,0.0,0.0
1763258865,970033942,1763258865,952176696,93.96549987792969,70.77078247070312,126.65254211425781,1763258865,930807234,93.5503551770121,71.10757122658907,127.65062630741434,1.132230,857.282866,,130.36679077148438,0.0,0.0
1763258866,469475575,1763258866,466449205,93.6178970336914,71.09143829345703,127.29154968261719,1763258866,431081536,93.15174195002545,71.47258311071194,128.32539396073315,1.196414,858.479279,,126.41477966308594,0.0,0.0
1763258866,970043486,1763258866,942258497,93.26566314697266,71.40985870361328,127.87300872802734,1763258866,930735843,92.74637445113595,71.83771758669404,128.97899459357782,1.294577,859.773856,,122.49777221679688,0.0,0.0
1763258867,470563317,1763258867,429140197,92.85118865966797,71.78141021728516,128.52117919921875,1763258867,431416639,92.33298489236128,72.20415184537308,129.61219881018948,1.279676,861.053532,,118.60652923583984,0.0,0.0
1763258867,970069192,1763258867,945375239,92.42821502685547,72.15737915039062,129.16297912597656,1763258867,930737342,91.91355574434543,72.57017646904502,130.22078507557507,1.246687,862.300219,,114.76246643066406,0.0,0.0
1763258868,470094725,1763258868,433670476,92.04061126708984,72.497802734375,129.73252868652344,1763258868,430908947,91.48633921686617,72.93736761221585,130.80613687645672,1.285717,863.585936,,110.95220947265625,0.0,0.0
1763258868,969989811,1763258868,952056286,91.59587097167969,72.88108825683594,130.35304260253906,1763258868,930827644,91.05229585939026,73.30493257882529,131.36569451523093,1.224982,864.810919,,107.18724822998047,0.0,0.0
1763258869,469553160,1763258869,452658446,91.14198303222656,73.26734161376953,130.96177673339844,1763258869,431444095,90.61066507509537,73.67355123786292,131.8992249313252,1.151570,865.962489,,103.46379089355469,0.0,0.0
1763258869,969816517,1763258869,954051731,90.6822280883789,73.65299987792969,131.55136108398438,1763258869,931105929,90.16295717808859,74.04201023377767,132.40378766869034,1.071262,867.033751,,99.79708862304688,0.0,0.0
1763258870,469612061,1763258870,442798289,90.265869140625,73.99922943115234,132.06558227539062,1763258870,430811044,89.70832488537242,74.4110636119782,132.87931049719023,1.068932,868.102684,,96.18243408203125,0.0,0.0
1763258870,969806614,1763258870,954360305,89.79316711425781,74.38531494140625,132.61495971679688,1763258870,931029240,89.24639872951467,74.78104548356033,133.32501362023007,0.979661,869.082344,,92.61955261230469,0.0,0.0
1763258871,469749782,1763258871,462257979,89.31217193603516,74.76997375488281,133.1370086669922,1763258871,430656830,88.77828257408044,75.15111612714894,133.73876475307512,0.890178,869.972523,,89.11929321289062,0.0,0.0
1763258871,970296569,1763258871,922933591,88.87843322753906,75.11275482177734,133.57748413085938,1763258871,931027383,88.30272927447037,75.52230235074514,134.1205928238237,0.891140,870.863663,,85.6746826171875,0.0,0.0
1763258872,469526633,1763258872,439221369,88.39476776123047,75.49071502685547,134.034912109375,1763258872,431466942,87.82037681036205,75.89413657172398,134.46885007601585,0.825213,871.688876,,82.29286193847656,0.0,0.0
1763258872,969607281,1763258872,954019925,87.89966583251953,75.87359619140625,134.45704650878906,1763258872,930806444,87.33272992332265,76.26551837945604,134.78158719502576,0.761804,872.450680,,78.9861068725586,0.0,0.0
1763258873,469544627,1763258873,440646322,87.44621276855469,76.22003936767578,134.80101013183594,1763258873,431777499,86.83681786934902,76.63874794692944,135.0596833815235,0.783320,873.234001,,75.73645782470703,0.0,0.0
1763258873,969918045,1763258873,941606402,86.93449401855469,76.60690307617188,135.14085388183594,1763258873,931106808,86.33611023768088,77.01125640413247,135.3002412472955,0.739574,873.973574,,72.568603515625,0.0,0.0
1763258874,469744753,1763258874,458353043,86.41960144042969,76.98995971679688,135.42889404296875,1763258874,430764016,85.82866516908629,77.38454916783293,135.5034422200546,0.714468,874.688042,,69.47164154052734,0.0,0.0
1763258874,969541541,1763258874,957734236,85.90058135986328,77.37275695800781,135.66162109375,1763258874,931177859,85.31409491749602,77.75894134743183,135.6684266087686,0.702247,875.390289,,66.44532775878906,0.0,0.0
1763258875,469689508,1763258875,448357440,85.42425537109375,77.7191162109375,135.81813049316406,1763258875,430938561,84.7939478585927,78.1333491607832,135.7938395629683,0.754630,876.144919,,63.50042724609375,0.0,0.0
1763258875,969544311,1763258875,954473764,84.88611602783203,78.10594940185547,135.9242401123047,1763258875,930788215,84.26752559460076,78.50832663512459,135.87911095724772,0.739323,876.884242,,60.63430404663086,0.0,0.0
1763258876,469505584,1763258876,456227740,84.3441162109375,78.49110412597656,135.96142578125,1763258876,430620439,83.73497231921712,78.88381447542069,135.92343184813217,0.725756,877.609997,,57.849178314208984,0.0,0.0
1763258876,970127819,1763258876,946607950,83.85272979736328,78.83936309814453,135.9536895751953,1763258876,931437344,83.19528839737137,79.26055080396281,135.92601961610566,0.781277,878.391275,,55.14147186279297,0.0,0.0
1763258877,469836342,1763258877,457813322,83.2975845336914,79.227783203125,135.90579223632812,1763258877,430899356,82.65105855942988,79.63677988624545,135.8862028797038,0.765283,879.156557,,52.52521514892578,0.0,0.0
1763258877,969555873,1763258877,951893185,82.73356628417969,79.61678314208984,135.8160400390625,1763258877,930753451,82.10045228911093,80.01382201735672,135.80329847107308,0.747419,879.903977,,49.99238204956055,0.0,0.0
1763258878,469678274,1763258878,432012978,82.2225570678711,79.96765899658203,135.69960021972656,1763258878,432069967,81.54237588399701,80.3924513546286,135.67627552865116,0.802271,880.706248,,47.53953170776367,0.0,0.0
1763258878,969860663,1763258878,933012497,81.6553726196289,80.35477447509766,135.53514099121094,1763258878,931069884,80.98113273076586,80.76980259483308,135.50564038992985,0.792287,881.498534,,45.186126708984375,0.0,0.0
1763258879,469861640,1763258879,452729924,81.07608032226562,80.74424743652344,135.33352661132812,1763258879,431656468,80.41234416915137,81.14887228719154,135.28960441949437,0.778586,882.277120,,42.91429138183594,0.0,0.0
1763258879,969575545,1763258879,912232704,80.54926300048828,81.09588623046875,135.12091064453125,1763258879,930843573,79.83947658810862,81.52739286897939,135.02894479807406,0.835735,883.112855,,40.73857116699219,0.0,0.0
1763258880,469523330,1763258880,419791122,79.95709228515625,81.48580932617188,134.84906005859375,1763258880,430697512,79.26035467340031,81.90685443633048,134.72230371696972,0.823887,883.936742,,38.650943756103516,0.0,0.0
1763258880,969964464,1763258880,945302895,79.36449432373047,81.87474060058594,134.54171752929688,1763258880,931856475,78.6741547506029,82.28782383269949,134.36856816032488,0.822914,884.759656,,36.64946746826172,0.0,0.0
1763258881,469740761,1763258881,354073220,78.88695526123047,82.18679809570312,134.2677001953125,1763258881,435909618,78.0790684296185,82.67148321286939,133.96571073357993,0.989342,885.748998,,34.729644775390625,0.0,0.0
1763258881,969604679,1763258881,961126052,78.15763854980469,82.65694427490234,133.8075408935547,1763258881,932008331,77.48807709178229,83.04955463743185,133.5228328300371,0.826749,886.575747,,32.93182373046875,0.0,0.0
1763258882,469584224,1763258882,445747306,77.60543060302734,83.01024627685547,133.42774963378906,1763258882,431495030,76.88771594826062,83.43073722911247,133.030126627904,0.921971,887.497719,,31.21360206604004,0.0,0.0
1763258882,969805042,1763258882,953318008,76.9933090209961,83.39825439453125,132.97149658203125,1763258882,931631231,76.28157778885458,83.8127617789625,132.48978556939477,0.954161,888.451880,,29.58643913269043,0.0,0.0
1763258883,469677462,1763258883,458555517,76.38046264648438,83.78640747070312,132.47744750976562,1763258883,431605498,75.67041771517043,84.1951950838209,131.9022231970602,1.001076,889.452956,,28.052274703979492,0.0,0.0
1763258883,969668891,1763258883,959738846,75.75159454345703,84.18030548095703,131.9442596435547,1763258883,931129656,75.05476740172915,84.57775491951966,131.2678542625957,1.049313,890.502269,,26.611949920654297,0.0,0.0
1763258884,470172192,1763258884,422516659,75.17925262451172,84.53461456298828,131.4316864013672,1763258884,430753117,74.43406140607334,84.960841822178,130.58602388106144,1.205041,891.707311,,25.263578414916992,0.0,0.0
1763258884,969529130,1763258884,949521721,74.54205322265625,84.92679595947266,130.82852172851562,1763258884,930762379,73.80799956000422,85.34468390262913,129.85627084968635,1.287920,892.995230,,24.006092071533203,0.0,0.0
1763258885,469562086,1763258885,450586268,73.9049301147461,85.31861877441406,130.1851348876953,1763258885,430789756,73.17712653938798,85.72899090553888,129.07915384352472,1.386109,894.381339,,22.840024948120117,0.0,0.0
1763258885,969731273,1763258885,962269864,73.26507568359375,85.70977783203125,129.50881958007812,1763258885,931228065,72.5410182266001,86.11406502434981,128.25411778879482,1.503989,895.885328,,21.763925552368164,0.0,0.0
1763258886,469666630,1763258886,446229582,72.6784896850586,86.06465148925781,128.86398315429688,1763258886,430756037,71.90145780469751,86.49887747079974,127.3836046089469,1.727383,897.612711,,20.779754638671875,0.0,0.0
1763258886,969620319,1763258886,950140602,72.02342987060547,86.45899200439453,128.11294555664062,1763258886,930965930,71.2564720134516,86.8846643686846,126.46506945055901,1.866793,899.479504,,19.883390426635742,0.0,0.0
1763258887,469636015,1763258887,463535511,71.3648452758789,86.85292053222656,127.32121276855469,1763258887,430753304,70.60756896317952,87.27056915146505,125.50078604150724,2.015403,901.494908,,19.075883865356445,0.0,0.0
1763258887,969886525,1763258887,938737451,70.76566314697266,87.21086120605469,126.5743179321289,1763258887,931136663,69.95351044024113,87.65737456140126,124.48909800864014,2.281909,903.776817,,18.354509353637695,0.0,0.0
1763258888,469663531,1763258888,455162573,70.09382629394531,87.60836791992188,125.70902252197266,1763258888,431167114,69.29565480794969,88.04432353276742,123.4323314700681,2.451623,906.228440,,17.719491958618164,0.0,0.0
1763258888,970001070,1763258888,955789949,69.41521453857422,88.00822448730469,124.80339050292969,1763258888,930925783,68.63394201524875,88.43150316319486,122.33076130499762,2.627441,908.855881,,17.169170379638672,0.0,0.0
1763258889,470502097,1763258889,468519504,68.73246765136719,88.40699005126953,123.86053466796875,1763258889,431324251,67.96725142606493,88.81961481611008,121.18282057187176,2.815310,911.671191,,16.701175689697266,0.0,0.0
1763258889,969591364,1763258889,948352519,68.11456298828125,88.76742553710938,122.97915649414062,1763258889,930713155,67.29795945517375,89.20732556700489,119.9930363521623,3.126862,914.798053,,16.315444946289062,0.0,0.0
1763258890,469597133,1763258890,464804267,67.42313385009766,89.16746520996094,121.96461486816406,1763258890,430764411,66.62374580256443,89.59602968894964,118.7577547949387,3.332663,918.130716,,16.008832931518555,0.0,0.0
1763258890,970127298,1763258890,913323928,66.79701232910156,89.52715301513672,121.01923370361328,1763258890,930755293,65.94590944403748,89.98502356877884,117.47977285369822,3.669033,921.799749,,15.780259132385254,0.0,0.0
1763258891,469897330,1763258891,457246482,66.10149383544922,89.92536163330078,119.9388656616211,1763258891,430912173,65.26397363734947,90.37462900572112,116.1587074707107,3.897804,925.697553,,15.627679824829102,0.0,0.0
1763258891,970043785,1763258891,963554067,65.82241821289062,90.08528900146484,119.49417114257812,1763258891,931311201,64.57808707123482,90.76480756778787,114.7953687059394,4.908039,930.605592,,15.549246788024902,0.0,0.0
1763258892,469797134,1763258892,458129207,65.030517578125,90.53919982910156,118.186767578125,1763258892,431141166,63.88951614507059,91.15489003591622,113.3929327595003,4.966066,935.571658,,15.542940139770508,0.0,0.0
1763258892,969571308,1763258892,963795472,64.29985046386719,90.95487976074219,116.93553924560547,1763258892,930895940,63.1975198697794,91.54534860818862,111.95061587520567,5.139382,940.711040,,15.606467247009277,0.0,0.0

Total distance between samples,,,,,,,,,,,,TOTAL_DISTANCE,940.711040
