sample_stamp_sec,sample_stamp_nanosec,actual_pos_stamp_sec,actual_pos_stamp_nanosec,actual_pos_x,actual_pos_y,actual_pos_z,target_pos_stamp_sec,target_pos_stamp_nanosec,target_pos_x,target_pos_y,target_pos_z,distance,distance_sum,hdg,hdg_target,hdg_distance,hdg_distance_total
1760914680,13831182,1760914680,14326272,25.468650817871094,11.59592056274414,64.92627716064453,1760914680,9348962,28.375401881464768,12.390455634706527,76.25631375571395,11.723916,11.723916,,207.23324584960938,0.0,0.0
1760914680,513786838,1760914680,514573824,26.17136573791504,11.792915344238281,67.21720123291016,1760914680,509530693,29.19569650532864,12.627956033608953,78.77202709625497,11.973215,23.697131,,208.47657775878906,0.0,0.0
1760914681,13732088,1760914681,14815488,26.8858585357666,11.992555618286133,69.52949523925781,1760914681,9317098,30.0147941121096,12.86582864969732,81.26847191038148,12.180165,35.877296,,209.64158630371094,0.0,0.0
1760914681,513727392,1760914681,514937344,27.60871696472168,12.195578575134277,71.83330535888672,1760914681,509348029,30.83366018507104,13.10438188915365,83.74726539588902,12.376131,48.253427,,210.73080444335938,0.0,0.0
1760914682,13743375,1760914682,15165440,28.338361740112305,12.401948928833008,74.14226531982422,1760914682,9319288,31.65169558024141,13.343469984165388,86.20527013406155,12.545148,60.798575,,211.7445831298828,0.0,0.0
1760914682,513740093,1760914682,515288064,29.07393455505371,12.610980987548828,76.45674133300781,1760914682,509420852,32.46917094140926,13.58320065616715,88.64199811495743,12.686738,73.485313,,212.68458557128906,0.0,0.0
1760914683,13713296,1760914683,15522304,29.819150924682617,12.823907852172852,78.78516387939453,1760914683,9355322,33.28540188361143,13.823401490744274,91.05413720011211,12.788338,86.273651,,213.55140686035156,0.0,0.0
1760914683,513728428,1760914683,515764736,30.5701847076416,13.040985107421875,81.11814880371094,1760914683,509364824,34.10079611872402,14.06422062631767,93.44164545355102,12.860047,99.133698,,214.34706115722656,0.0,0.0
1760914684,13655314,1760914684,16009984,31.328369140625,13.258929252624512,83.44681549072266,1760914684,9345241,34.91507258671524,14.305603706221895,95.80246385065973,12.908215,112.041913,,215.07284545898438,0.0,0.0
1760914684,513746769,1760914684,516252160,32.096160888671875,13.482361793518066,85.76726531982422,1760914684,509340886,35.72820170565501,14.54757042608562,98.13529968910802,12.934244,124.976157,,215.73043823242188,0.0,0.0
1760914685,13713441,1760914685,16494592,32.87452697753906,13.70975399017334,88.07926177978516,1760914685,9347252,36.54011192514781,14.790128114280101,100.43876210497828,12.936807,137.912963,,216.32156372070312,0.0,0.0
1760914685,513718935,1760914685,516622336,33.6655387878418,13.941268920898438,90.38330078125,1760914685,509320245,37.35060352739157,15.033245582184776,102.7111293978301,12.913074,150.826037,,216.84799194335938,0.0,0.0
1760914686,13713339,1760914686,16747520,34.4626350402832,14.174676895141602,92.66924285888672,1760914686,9374070,38.15982544706489,15.276996242122024,104.9516845065299,12.874110,163.700147,,217.31173706054688,0.0,0.0
1760914686,513748188,1760914686,516993792,35.26649475097656,14.4125394821167,94.9503402709961,1760914686,509321817,38.967342175257954,15.52127746173074,107.15812100129202,12.804510,176.504657,,217.71461486816406,0.0,0.0
1760914687,13735861,1760914687,17119744,36.0756950378418,14.652141571044922,97.22074127197266,1760914687,9323645,39.773359613097426,15.766180000283306,109.32993283355594,12.710088,189.214744,,218.05886840820312,0.0,0.0
1760914687,513720340,1760914687,517245184,36.896854400634766,14.897971153259277,99.49198913574219,1760914687,509322640,40.57767843623438,16.011672151072233,111.4655341884233,12.575952,201.790697,,218.34657287597656,0.0,0.0
1760914688,13668454,1760914688,17366272,37.72264862060547,15.1485013961792,101.74177551269531,1760914688,9417659,41.380388688693756,16.257810434505096,113.56414187578719,12.424893,214.215590,,218.58001708984375,0.0,0.0
1760914688,513644641,1760914688,517618432,38.555870056152344,15.400238990783691,103.97342681884766,1760914688,509492009,42.181206005724135,16.504536689291115,115.62402290130917,12.251487,226.467077,,218.76144409179688,0.0,0.0
1760914689,13891191,1760914688,967748224,39.311065673828125,15.63006591796875,105.96187591552734,1760914689,9394497,42.979796741336145,16.751776198949337,117.64339082611436,12.295349,238.762426,,218.89317321777344,0.0,0.0
1760914689,513709163,1760914689,467878528,40.16343307495117,15.889179229736328,108.16699981689453,1760914689,509378468,43.77649100403431,16.999659631006885,119.62217538515462,12.062686,250.825112,,218.9777374267578,0.0,0.0
1760914690,13652306,1760914689,968094080,41.02058029174805,16.15053939819336,110.34818267822266,1760914690,9374302,44.57108850597791,17.248153857697133,121.55898846227012,11.810717,262.635829,,219.01759338378906,0.0,0.0
1760914690,513742456,1760914690,468217216,41.88774871826172,16.417041778564453,112.4973373413086,1760914690,509374693,45.36349605131309,17.497258677105798,123.45275553886879,11.544214,274.180043,,219.01528930664062,0.0,0.0
1760914691,13748841,1760914690,968340352,42.76548385620117,16.687850952148438,114.60893249511719,1760914691,9392127,46.15364522974937,17.746981585607102,125.30250096708681,11.267378,285.447421,,218.973388671875,0.0,0.0
1760914691,513630249,1760914691,468592000,43.657413482666016,16.964370727539062,116.70832824707031,1760914691,509361862,46.941342414495864,17.997290187777764,127.10700285677858,10.953700,296.401121,,218.89454650878906,0.0,0.0
1760914692,13744354,1760914691,968714624,44.55485534667969,17.24265480041504,118.77730560302734,1760914692,9410294,47.72672385899176,18.248256909484503,128.8658335681544,10.623106,307.024227,,218.78140258789062,0.0,0.0
1760914692,513766107,1760914692,468962176,45.460330963134766,17.526611328125,120.81875610351562,1760914692,509328343,48.50934306684289,18.499767847419953,130.57730267402417,10.269992,317.294219,,218.63674926757812,0.0,0.0
1760914693,13718209,1760914693,19213568,46.46250915527344,17.84309196472168,123.0243911743164,1760914693,9370984,49.2895500278116,18.75196448775801,132.24151790288823,9.683679,326.977898,,218.4632110595703,0.0,0.0
1760914693,513607544,1760914693,469340288,47.293968200683594,18.107770919799805,124.80902099609375,1760914693,509375696,50.06698857433872,19.004761197202747,133.8570881804204,9.505880,336.483778,,218.26361083984375,0.0,0.0
1760914694,13761394,1760914694,19596800,48.31265640258789,18.434938430786133,126.9493637084961,1760914694,9364306,50.84161230395202,19.258171747839576,135.42334473868996,8.881536,345.365314,,218.04074096679688,0.0,0.0
1760914694,513735029,1760914694,469721216,49.1535530090332,18.70600700378418,128.66787719726562,1760914694,509418240,51.61347342504803,19.512242626330497,136.93984661080762,8.667566,354.032880,,217.7973175048828,0.0,0.0
1760914695,13602151,1760914694,969851520,50.098812103271484,19.01306915283203,130.5364532470703,1760914695,9351086,52.38218259126103,19.766874586168527,138.40533799237616,8.228083,362.260963,,217.53628540039062,0.0,0.0
1760914695,513741436,1760914695,469978496,51.05424880981445,19.32448959350586,132.3619384765625,1760914695,509338125,53.1479404996679,20.02216297794888,139.81975404908513,7.777487,370.038450,,217.2603302001953,0.0,0.0
1760914696,13688163,1760914695,970224256,52.01950454711914,19.63957977294922,134.14366149902344,1760914696,9345716,53.91061450804267,20.27809322663363,141.1824233705962,7.316294,377.354745,,216.9722900390625,0.0,0.0
1760914696,513674374,1760914696,470469504,52.9903450012207,19.959543228149414,135.87176513671875,1760914696,509377282,54.67012622832388,20.534668571356107,142.4928254428268,6.854989,384.209734,,216.67494201660156,0.0,0.0
1760914697,13639976,1760914696,970722432,53.96592330932617,20.286088943481445,137.55758666992188,1760914697,9353695,55.42627341193733,20.791849873676142,143.75028398845527,6.382626,390.592360,,216.37115478515625,0.0,0.0
1760914697,513730142,1760914697,470974336,54.94379425048828,20.615861892700195,139.19815063476562,1760914697,509363630,56.17910989312912,21.049684712116573,144.9546024911386,5.903469,396.495829,,216.06361389160156,0.0,0.0
1760914698,13716615,1760914697,971229568,55.931129455566406,20.95074462890625,140.8009033203125,1760914698,9379477,56.92850812838219,21.308159021249324,146.10532536411097,5.409196,401.905025,,215.755126953125,0.0,0.0
1760914698,513716912,1760914698,521481984,57.0064582824707,21.31753158569336,142.50045776367188,1760914698,509393392,57.67438543813941,21.56727376565611,147.20212174343038,4.755433,406.660458,,215.4484100341797,0.0,0.0
1760914699,13643954,1760914699,21608704,57.94725799560547,21.642297744750977,143.9917755126953,1760914699,9350718,58.416573069393394,21.826999491123097,148.24459175505814,4.282618,410.943076,,215.1461944580078,0.0,0.0
1760914699,513725964,1760914699,521739520,58.84785842895508,21.957868576049805,145.42271423339844,1760914699,509359913,59.15515807521294,22.08739616391088,149.23274156234424,3.824594,414.767670,,214.85107421875,0.0,0.0
1760914700,13635933,1760914700,21996544,59.71548080444336,22.263017654418945,146.79904174804688,1760914700,9412158,59.89005016609411,22.3484621119772,150.16636192393923,3.372925,418.140594,,214.565673828125,0.0,0.0
1760914700,513656640,1760914700,522260736,60.54513168334961,22.557231903076172,148.10821533203125,1760914700,509520359,60.621192645824834,22.61020746968164,151.0453342691731,2.938581,421.079176,,214.29258728027344,0.0,0.0
1760914701,13745213,1760914701,22511104,61.340728759765625,22.842288970947266,149.3526153564453,1760914701,9446689,61.34812417403418,22.87249588999564,151.86913787745704,2.516715,423.595890,,214.03445434570312,0.0,0.0
1760914701,513687804,1760914701,522770432,62.10499954223633,23.119199752807617,150.52911376953125,1760914701,509451977,62.07119542164648,23.135482925238627,152.63824278625867,2.109463,425.705353,,213.79360961914062,0.0,0.0
1760914702,13695348,1760914702,23007744,62.84804153442383,23.39165687561035,151.64273071289062,1760914702,9349213,62.79002909078534,23.399060932734855,153.35235041652902,1.710620,427.415973,,213.57257080078125,0.0,0.0
1760914702,513642516,1760914702,523267072,63.57024383544922,23.658493041992188,152.67764282226562,1760914702,509452355,63.50502429270102,23.663406698015486,154.01198415347687,1.335943,428.751916,,213.37353515625,0.0,0.0
1760914703,13689584,1760914703,23390208,64.27922058105469,23.92156219482422,153.64146423339844,1760914703,9384366,64.2155288614509,23.928309125939613,154.61672271457977,0.977359,429.729275,,213.19895935058594,0.0,0.0
1760914703,513654425,1760914703,523641344,64.97557830810547,24.182064056396484,154.52935791015625,1760914703,509419520,64.92189399706268,24.193928546384825,155.16710373854198,0.640111,430.369387,,213.05096435546875,0.0,0.0
1760914704,13725183,1760914703,973775488,65.59851837158203,24.416202545166016,155.26480102539062,1760914704,9341350,65.62370954875402,24.46014056818374,155.66307894660562,0.401485,430.770872,,212.93173217773438,0.0,0.0
1760914704,513747768,1760914704,473905536,66.27912139892578,24.67560577392578,156.00123596191406,1760914704,509375075,66.3212402476729,24.72707553544231,156.10514805276551,0.123373,430.894245,,212.84327697753906,0.0,0.0
1760914705,13748555,1760914704,974164352,66.9571533203125,24.937681198120117,156.6472930908203,1760914705,9348229,67.01415602670059,24.994637522893413,156.4934470053438,0.173672,431.067917,,212.78762817382812,0.0,0.0
1760914705,513765108,1760914705,474407808,67.63337707519531,25.200117111206055,157.1949005126953,1760914705,509344526,67.70250460154637,25.262874707731697,156.82840357865697,0.378203,431.446119,,212.76666259765625,0.0,0.0
1760914706,13669243,1760914705,974661504,68.3131103515625,25.467529296875,157.6396942138672,1760914706,9419951,68.386288376117,25.531818885085556,157.11043889387673,0.538144,431.984264,,212.7821807861328,0.0,0.0
1760914706,513640335,1760914706,474792320,68.99002838134766,25.736021041870117,157.9656524658203,1760914706,509370595,69.06515354258585,25.801360681860245,157.3398901241052,0.633634,432.617897,,212.8358917236328,0.0,0.0
1760914707,13822929,1760914706,974922368,69.66374969482422,26.00685691833496,158.14773559570312,1760914707,9355098,69.73924475049725,26.07158699604588,157.51733623490856,0.638195,433.256092,,212.92942810058594,0.0,0.0
1760914707,513726263,1760914707,475053952,70.33305358886719,26.27845573425293,158.1513214111328,1760914707,509371283,70.40848798584423,26.34249889080614,157.64330303889835,0.517566,433.773658,,213.0642852783203,0.0,0.0
1760914708,13654433,1760914707,975180672,70.9990234375,26.550474166870117,158.045654296875,1760914708,9389243,71.07276778502796,26.614080153612008,157.71835794469447,0.341477,434.115136,,213.2418975830078,0.0,0.0
1760914708,513749215,1760914708,475311744,71.6604995727539,26.82202911376953,157.904541015625,1760914708,509350874,71.73193417452649,26.88629929298891,157.7431251330355,0.187853,434.302988,,213.4635467529297,0.0,0.0
1760914709,13688176,1760914708,975441536,72.31644439697266,27.094120025634766,157.74220275878906,1760914709,9355668,72.38606045548494,27.159216845623007,157.71827859508724,0.098267,434.401255,,213.73046875,0.0,0.0
1760914709,513812324,1760914709,475575424,72.96724700927734,27.367359161376953,157.5496063232422,1760914709,509384337,73.03504092373856,27.432819715679784,157.6445180891426,0.133751,434.535006,,214.04376220703125,0.0,0.0
1760914710,13730827,1760914709,975708032,73.61138153076172,27.641902923583984,157.3207550048828,1760914710,9379923,73.67872778754887,27.70707591266779,157.52260511957857,0.222546,434.757552,,214.4043731689453,0.0,0.0
1760914710,513604145,1760914710,525839104,74.31511688232422,27.94458770751953,157.02391052246094,1760914710,509377895,74.31710884843508,27.982010451490865,157.35332441829075,0.331539,435.089090,,214.81320190429688,0.0,0.0
1760914711,13626951,1760914711,25973248,74.94773864746094,28.21836280822754,156.71629333496094,1760914711,9420351,74.9501639983855,28.257645659507958,157.13748627266347,0.423028,435.512118,,215.2710418701172,0.0,0.0
1760914711,513731333,1760914711,526237440,75.57640075683594,28.495141983032227,156.37664794921875,1760914711,509351747,75.57762651570002,28.533895353006415,156.87603733589248,0.500892,436.013011,,215.7783660888672,0.0,0.0
1760914712,13645050,1760914712,26486016,76.1986312866211,28.771686553955078,156.00401306152344,1760914712,9390229,76.19971205303008,28.81088508783307,156.5697666641224,0.567111,436.580122,,216.33595275878906,0.0,0.0
1760914712,513654644,1760914712,526754304,76.81958770751953,29.05152130126953,155.59422302246094,1760914712,509458773,76.81625930138512,29.08857512724913,156.219643127082,0.626526,437.206647,,216.94410705566406,0.0,0.0
1760914713,13689865,1760914713,27018240,77.4321517944336,29.33090591430664,155.15228271484375,1760914713,9432940,77.42701747795238,29.366882516390902,155.82676119501346,0.675457,437.882104,,217.60293579101562,0.0,0.0
1760914713,513712874,1760914713,527151872,78.03941345214844,29.611099243164062,154.67796325683594,1760914713,509388253,78.03204682930684,29.645864245793774,155.39207074447307,0.714991,438.597095,,218.31272888183594,0.0,0.0
1760914714,13728861,1760914714,27416320,78.63806915283203,29.889392852783203,154.17337036132812,1760914714,9377449,78.63134273599167,29.925549252950248,154.91657168617746,0.744111,439.341206,,219.07359313964844,0.0,0.0
1760914714,513751441,1760914714,477553280,79.17424011230469,30.140655517578125,153.68955993652344,1760914714,509372366,79.22480113603956,30.20592027257446,154.40136885831146,0.716581,440.057786,,219.88540649414062,0.0,0.0
1760914715,13707585,1760914714,977815168,79.76091003417969,30.420177459716797,153.1228790283203,1760914715,9382593,79.81236721666713,30.486982509077194,153.84756252678628,0.729573,440.787360,,220.7479705810547,0.0,0.0
1760914715,513716968,1760914715,477943936,80.34224700927734,30.702625274658203,152.52749633789062,1760914715,509418405,80.39399773048663,30.76874669500117,153.25626881243005,0.733594,441.520953,,221.66102600097656,0.0,0.0
1760914716,13710984,1760914715,978212224,80.92031860351562,30.985076904296875,151.90550231933594,1760914716,9345085,80.96946438791554,31.051132345879665,152.6288360875787,0.728004,442.248958,,222.62384033203125,0.0,0.0
1760914716,513814085,1760914716,478439808,81.4947280883789,31.269365310668945,151.25282287597656,1760914716,509342627,81.53892224774881,31.334246170108315,151.9662295053559,0.717713,442.966670,,223.63619995117188,0.0,0.0
1760914717,13670172,1760914716,978572160,82.06158447265625,31.55389404296875,150.5770263671875,1760914717,9351741,82.10223786140955,31.618053883518684,151.2697451534076,0.696871,443.663541,,224.6973114013672,0.0,0.0
1760914717,513733868,1760914717,528830208,82.67725372314453,31.867338180541992,149.80621337890625,1760914717,509416139,82.65940378766129,31.90258371581183,150.54055658408083,0.735405,444.398946,,225.80648803710938,0.0,0.0
1760914718,13739065,1760914717,978963584,83.17262268066406,32.12431716918945,149.1509552001953,1760914718,9464727,83.21027004873693,32.18779074954293,149.78004865196573,0.633407,445.032353,,226.962646484375,0.0,0.0
1760914718,513663320,1760914718,479095936,83.71854400634766,32.41061019897461,148.39215087890625,1760914718,509345040,83.7546154949967,32.473589471167514,148.9897611558024,0.602001,445.634355,,228.1643524169922,0.0,0.0
1760914719,13806756,1760914718,979226752,84.25836944580078,32.696693420410156,147.6100311279297,1760914719,9350488,84.29270840773228,32.76015152486468,148.1705389885157,0.565133,446.199488,,229.41119384765625,0.0,0.0
1760914719,513591831,1760914719,529481984,84.84481048583984,33.01126480102539,146.72256469726562,1760914719,509349384,84.82434605923837,33.04740182519387,147.3239223546517,0.602790,446.802277,,230.70156860351562,0.0,0.0
1760914720,13707362,1760914719,979742848,85.31652069091797,33.26905059814453,145.97552490234375,1760914720,9349717,85.34947633087805,33.33534356841136,146.4512558157388,0.481457,447.283734,,232.03411865234375,0.0,0.0
1760914720,513757924,1760914720,479872640,85.8348388671875,33.55650329589844,145.1259307861328,1760914720,509460292,85.86815738366408,33.6240415420429,145.55370586834925,0.434354,447.718088,,233.4076690673828,0.0,0.0
1760914721,13687451,1760914720,980135552,86.34917449951172,33.847103118896484,144.25523376464844,1760914721,9357769,86.37999664147162,33.91330738186997,144.6332504009968,0.385006,448.103094,,234.81971740722656,0.0,0.0
1760914721,513730650,1760914721,480269952,86.85808563232422,34.137794494628906,143.36709594726562,1760914721,509345724,86.88525678377762,34.203319455925936,143.69072867848058,0.331315,448.434409,,236.26942443847656,0.0,0.0
1760914722,13751206,1760914721,980525952,87.35943603515625,34.429412841796875,142.460205078125,1760914722,9503458,87.38398731368905,34.49414178373311,142.72732772888372,0.275948,448.710357,,237.75531005859375,0.0,0.0
1760914722,513683419,1760914722,480655488,87.85232543945312,34.720436096191406,141.5372314453125,1760914722,509366801,87.8755855817685,34.785452485853654,141.74554402590417,0.219459,448.929816,,239.27383422851562,0.0,0.0
1760914723,13782712,1760914722,980900992,88.34105682373047,35.01447296142578,140.59402465820312,1760914723,9400213,88.3605479970398,35.0775753006978,140.74572565494066,0.165454,449.095270,,240.8246612548828,0.0,0.0
1760914723,513626489,1760914723,481032832,88.82100677490234,35.30801773071289,139.63967895507812,1760914723,509417062,88.83860144221146,35.370380076780876,139.72974923599094,0.110956,449.206226,,242.40504455566406,0.0,0.0
1760914724,13633311,1760914723,981162112,89.293212890625,35.6010627746582,138.66778564453125,1760914724,9412213,89.30970173248657,35.66387101775797,138.6990474984326,0.072070,449.278296,,244.0127716064453,0.0,0.0
1760914724,513725002,1760914724,481425024,89.75706481933594,35.893951416015625,137.68153381347656,1760914724,509381444,89.77378199725912,35.95803758879434,137.65510957652407,0.071307,449.349604,,245.64556884765625,0.0,0.0
1760914725,13810311,1760914724,981558656,90.2176742553711,36.18952560424805,136.67523193359375,1760914725,9518028,90.23098844440008,36.253006663216425,136.59893491114215,0.100142,449.449745,,247.30174255371094,0.0,0.0
1760914725,513747492,1760914725,481817472,90.66800689697266,36.48250198364258,135.6579132080078,1760914725,509428630,90.68088853656056,36.548530224802604,135.53286858487567,0.141992,449.591738,,248.97750854492188,0.0,0.0
1760914726,13737142,1760914725,982074752,91.11104583740234,36.776432037353516,134.63140869140625,1760914726,9533065,91.12383586918652,36.84487202331954,134.4574162744243,0.187406,449.779143,,250.67181396484375,0.0,0.0
1760914726,513694762,1760914726,482336896,91.5470962524414,37.07302474975586,133.5977325439453,1760914726,509427016,91.55940642652718,37.141780223625645,133.37494632962375,0.233479,450.012623,,252.3806610107422,0.0,0.0
1760914727,13721092,1760914726,982592640,91.97943878173828,37.372798919677734,132.5507049560547,1760914727,9522284,91.98792608914768,37.439508903567926,132.28598476651626,0.273128,450.285751,,254.1028594970703,0.0,0.0
1760914727,513649668,1760914727,482724736,92.40328216552734,37.672386169433594,131.5034637451172,1760914727,509468894,92.40903113661425,37.737838324466324,131.19278213090936,0.317553,450.603304,,255.83441162109375,0.0,0.0
1760914728,13748675,1760914727,982858624,92.81954956054688,37.97259521484375,130.4483184814453,1760914728,9347418,92.82276199454921,38.03682534648874,130.09657247254955,0.357577,450.960881,,257.5729064941406,0.0,0.0
1760914728,513639408,1760914728,482986880,93.2280044555664,38.27290725708008,129.38755798339844,1760914728,509338199,93.22922439186166,38.336579568094635,128.99838792991844,0.394346,451.355227,,259.3161315917969,0.0,0.0
1760914729,13741878,1760914728,983115136,93.62956237792969,38.574344635009766,128.31524658203125,1760914729,9365769,93.62830607534133,38.63705336947808,127.89982907929422,0.420126,451.775353,,261.0609436035156,0.0,0.0
1760914729,513630828,1760914729,533375488,94.06221771240234,38.90597915649414,127.13520050048828,1760914729,509372630,94.01992287622748,38.93821619491453,126.80242342450597,0.336999,452.112352,,262.8042297363281,0.0,0.0
1760914730,13746063,1760914729,983511424,94.40853881835938,39.177852630615234,126.16781616210938,1760914730,9350137,94.40401550995735,39.24005389091768,125.70762573345593,0.464397,452.576750,,264.54296875,0.0,0.0
1760914730,513780486,1760914730,533774592,94.82167053222656,39.50916290283203,124.9866714477539,1760914730,509360985,94.78059926219223,39.542610929283896,124.61666539798165,0.373778,452.950528,,266.2744140625,0.0,0.0
1760914731,13724430,1760914731,34041600,95.19174194335938,39.811317443847656,123.90736389160156,1760914731,9597677,95.14977979990391,39.84601033783187,123.53048150772523,0.380795,453.331323,,267.9962463378906,0.0,0.0
1760914731,513720441,1760914731,534182656,95.55198669433594,40.11348342895508,122.82978057861328,1760914731,509348911,95.51096735573071,40.14979425416007,122.45206617030705,0.381666,453.712989,,269.7027893066406,0.0,0.0
1760914732,13736189,1760914731,984320384,95.87113189697266,40.38766860961914,121.86370849609375,1760914732,9371542,95.86471127263255,40.45445257376892,121.38101668071718,0.487332,454.200321,,271.39373779296875,0.0,0.0
1760914732,513752810,1760914732,484452992,96.21866607666016,40.69432067871094,120.8008804321289,1760914732,509387030,96.21075347659088,40.75980186331243,120.31931062188252,0.486066,454.686387,,273.06500244140625,0.0,0.0
1760914733,13651940,1760914733,34720256,96.59358978271484,41.03267288208008,119.636962890625,1760914733,9470175,96.54912671010655,41.06590563238187,119.26803455117425,0.373081,455.059468,,274.7137756347656,0.0,0.0
1760914733,513660596,1760914733,534988288,96.92684936523438,41.34062194824219,118.58148956298828,1760914733,509347615,96.87955872108495,41.37254650660742,118.22921041952081,0.356870,455.416338,,276.3358154296875,0.0,0.0
1760914734,13689540,1760914734,35256576,97.25113677978516,41.64717102050781,117.53413391113281,1760914734,9381207,97.20230934464651,41.67999660823364,117.20317256537675,0.336150,455.752488,,277.929443359375,0.0,0.0
1760914734,513729855,1760914734,535528960,97.56678009033203,41.95438003540039,116.49568939208984,1760914734,509376318,97.51719760958758,41.988119971499216,116.1916169479021,0.309930,456.062419,,279.4908447265625,0.0,0.0
1760914735,13732521,1760914734,985661056,97.84219360351562,42.23105239868164,115.5713882446289,1760914735,9364385,97.82421104236049,42.29693622861065,115.19568708913619,0.381858,456.444277,,281.01702880859375,0.0,0.0
1760914735,513731790,1760914735,485797760,98.1427993774414,42.54066467285156,114.54881286621094,1760914735,509360268,98.12332373430388,42.60645230895253,114.2165442193155,0.339278,456.783555,,282.50494384765625,0.0,0.0
1760914736,13734375,1760914735,985932160,98.4345474243164,42.84990692138672,113.54034423828125,1760914736,9345172,98.41449167482519,42.916655482654875,113.25538385566463,0.293360,457.076915,,283.9514465332031,0.0,0.0
1760914736,513781932,1760914736,486068096,98.71981048583984,43.161502838134766,112.54756927490234,1760914736,509393801,98.69772917280878,43.227595512542095,112.31318194759109,0.244527,457.321441,,285.353759765625,0.0,0.0
1760914737,13658859,1760914736,986331776,98.99616241455078,43.4747314453125,111.57451629638672,1760914737,9358411,98.97292002238015,43.53917740073092,111.39132173517109,0.195586,457.517027,,286.7084045410156,0.0,0.0
1760914737,513763342,1760914737,486603648,99.26520538330078,43.79017639160156,110.6156997680664,1760914737,509433239,99.24014624545578,43.85152815172782,110.49049535369589,0.141662,457.658689,,288.0129699707031,0.0,0.0
1760914738,13626855,1760914737,986868352,99.52598571777344,44.10407638549805,109.68305206298828,1760914738,9354750,99.4992255429771,44.16446629463158,109.61225534435368,0.096826,457.755515,,289.2637939453125,0.0,0.0
1760914738,513715307,1760914738,487139712,99.77952575683594,44.4168586730957,108.76861572265625,1760914738,509351722,99.75026374099959,44.47815013536314,108.7571505469156,0.068879,457.824394,,290.4585876464844,0.0,0.0
1760914739,13717629,1760914738,987409280,100.02479553222656,44.729862213134766,107.87500762939453,1760914739,9379351,99.9932053036539,44.792547266451805,107.92624317946385,0.086905,457.911299,,291.5943908691406,0.0,0.0
1760914739,513703801,1760914739,487677312,100.26220703125,45.0451774597168,106.99728393554688,1760914739,509393748,100.22800087354078,45.10762767477695,107.1205436923126,0.142348,458.053647,,292.66827392578125,0.0,0.0
1760914740,13784210,1760914739,987949184,100.49029541015625,45.36076736450195,106.1454086303711,1760914740,9428882,100.45464281799504,45.42341471943108,106.34088649114932,0.208344,458.261992,,293.6776123046875,0.0,0.0
1760914740,513709048,1760914740,488078464,100.70928955078125,45.676517486572266,105.31787109375,1760914740,509372633,100.67305507093903,45.7398331460257,105.5883072918536,0.280103,458.542094,,294.6195068359375,0.0,0.0
1760914741,13750095,1760914740,988338048,100.91871643066406,45.990989685058594,104.51888275146484,1760914741,9364358,100.88327803243104,46.05697309608567,104.86340551383839,0.352570,458.894664,,295.4916076660156,0.0,0.0
1760914741,513722510,1760914741,488473216,101.12150573730469,46.308265686035156,103.74600982666016,1760914741,509358985,101.08526920967361,46.374805919840185,104.1670301260468,0.427784,459.322448,,296.2913513183594,0.0,0.0
1760914742,13691320,1760914741,988602240,101.31617736816406,46.62870407104492,103.00760650634766,1760914742,9366507,101.27900900655389,46.693334776592664,103.49991462777265,0.497922,459.820370,,297.0162048339844,0.0,0.0
1760914742,513717709,1760914742,488835712,101.50206756591797,46.9500617980957,102.30223083496094,1760914742,509351087,101.46446519310994,47.01253966872024,102.86279854848104,0.565291,460.385660,,297.663818359375,0.0,0.0
1760914743,13770456,1760914742,988970624,101.68029022216797,47.2695426940918,101.63196563720703,1760914743,9478175,101.64167643458717,47.33252623270748,102.25614055575991,0.628532,461.014192,,298.2320556640625,0.0,0.0
1760914743,513718518,1760914743,489108352,101.85227966308594,47.58897018432617,100.9934310913086,1760914743,509370852,101.81048811687364,47.65304411758801,101.68102126959681,0.691833,461.706025,,298.71832275390625,0.0,0.0
1760914744,13728076,1760914743,989245312,102.01515197753906,47.910701751708984,100.3960952758789,1760914744,9370102,101.97100519577741,47.97431943955682,101.13759486904024,0.745532,462.451557,,299.120849609375,0.0,0.0
1760914744,513742454,1760914744,489518720,102.16891479492188,48.2346305847168,99.83748626708984,1760914744,509349253,102.12316771493519,48.2962705524433,100.62653863610842,0.792777,463.244334,,299.4375,0.0,0.0
1760914745,13721283,1760914744,989766272,102.314697265625,48.55720901489258,99.31803131103516,1760914745,9345805,102.26696680684638,48.618911656389145,100.14831545541426,0.833941,464.078275,,299.6664123535156,0.0,0.0
1760914745,513795842,1760914745,489898368,102.45099639892578,48.87950897216797,98.83751678466797,1760914745,509360383,102.40239108504089,48.9422524211127,99.70335636541068,0.869470,464.947744,,299.8057556152344,0.0,0.0
1760914746,13763133,1760914745,990139008,102.57926177978516,49.20397186279297,98.39918518066406,1760914746,9384888,102.52942267309166,49.2662858728454,99.29207254504041,0.896446,465.844190,,299.8537902832031,0.0,0.0
1760914746,513742415,1760914746,490272640,102.69747161865234,49.527076721191406,98.00828552246094,1760914746,509358099,102.64803064200525,49.59096342009779,98.91487368108208,0.910180,466.754370,,299.8089294433594,0.0,0.0
1760914747,13680788,1760914746,990538880,102.80795288085938,49.851322174072266,97.66748046875,1760914747,9459709,102.75824588545964,49.91640797638469,98.57193201895103,0.908152,467.662522,,299.669677734375,0.0,0.0
1760914747,513771368,1760914747,490809472,102.91104125976562,50.17561721801758,97.37928771972656,1760914747,509350786,102.8599827313836,50.24239327666804,98.26373897051698,0.888437,468.550959,,299.43475341796875,0.0,0.0
1760914748,13676441,1760914747,991079296,103.0068588256836,50.505455017089844,97.14432525634766,1760914748,9427480,102.95331439379923,50.56918523671827,97.99025704817936,0.850017,469.400976,,299.10272216796875,0.0,0.0
1760914748,513727437,1760914748,491348864,103.09326934814453,50.834754943847656,96.96765899658203,1760914748,509368450,103.03816623878053,50.896559666756346,97.75184885876243,0.788549,470.189525,,298.67266845703125,0.0,0.0
1760914749,13675100,1760914748,991483264,103.1708755493164,51.164180755615234,96.85167694091797,1760914749,9373160,103.11456814986911,51.22465664734544,97.54852782502157,0.701733,470.891258,,298.1434020996094,0.0,0.0
1760914749,513711420,1760914749,491616640,103.23918914794922,51.49290466308594,96.79215240478516,1760914749,509370124,103.18249895567939,51.553424217749736,97.38040999171346,0.594074,471.485331,,297.5141296386719,0.0,0.0
1760914750,13625369,1760914749,991884928,103.30016326904297,51.82270812988281,96.77249908447266,1760914750,9361570,103.24195254558278,51.88286280576827,97.24752460088735,0.482345,471.967676,,296.7840881347656,0.0,0.0
1760914750,513665275,1760914750,492017536,103.35221099853516,52.150760650634766,96.7885971069336,1760914750,509355950,103.29292437751972,52.21297833938776,97.14985375906403,0.371339,472.339015,,295.9526062011719,0.0,0.0
1760914751,13708829,1760914750,992153728,103.39575958251953,52.47970199584961,96.83961486816406,1760914751,9354809,103.33540922153652,52.543768881883395,97.08733722828114,0.262894,472.601908,,295.0191650390625,0.0,0.0
1760914751,513729938,1760914751,492415872,103.43016052246094,52.81106185913086,96.9194107055664,1760914751,509345593,103.36940218769735,52.875224709828245,97.0598683129345,0.165942,472.767850,,293.98345947265625,0.0,0.0
1760914752,13739274,1760914751,992550272,103.45690155029297,53.14754104614258,97.03079986572266,1760914752,9341014,103.39490160562762,53.207357722095196,97.0672921269848,0.093561,472.861412,,292.84515380859375,0.0,0.0
1760914752,513800518,1760914752,492816000,103.47492980957031,53.48141860961914,97.17133331298828,1760914752,509379977,103.41190563727687,53.54018561453101,97.10941426418722,0.106111,472.967523,,291.6040954589844,0.0,0.0
1760914753,13720499,1760914752,993084544,103.48489379882812,53.8137321472168,97.33839416503906,1760914753,9362753,103.42041041655882,53.873643119806516,97.18597894480422,0.176005,473.143528,,290.260498046875,0.0,0.0
1760914753,513744953,1760914753,493213312,103.48530578613281,54.14441680908203,97.53162384033203,1760914753,509354937,103.42041817796787,54.20777431755944,97.29670053411112,0.251820,473.395349,,288.81439208984375,0.0,0.0
1760914754,13727469,1760914753,993477248,103.4775619506836,54.47943115234375,97.75498962402344,1760914754,9394371,103.41192823178488,54.54260396735687,97.44125731418255,0.326690,473.722039,,287.2658996582031,0.0,0.0
1760914754,513757375,1760914754,493611136,103.46318054199219,54.81486511230469,98.00480651855469,1760914754,509379683,103.39494429771013,54.87806077466175,97.6192372672483,0.396628,474.118667,,285.61578369140625,0.0,0.0
1760914755,13757444,1760914754,993882752,103.4409408569336,55.15102767944336,98.28103637695312,1760914755,9400202,103.36946642304963,55.21420570511434,97.83024607957006,0.460773,474.579440,,283.8642578125,0.0,0.0
1760914755,513734332,1760914755,494019456,103.40849304199219,55.486568450927734,98.58393859863281,1760914755,509366457,103.33550397500449,55.55097078431663,98.07377016725277,0.519372,475.098811,,282.0124206542969,0.0,0.0
1760914756,13736164,1760914755,994285952,103.3663101196289,55.827423095703125,98.91419982910156,1760914756,9363421,103.29305597349601,55.88841795132568,98.34933970084786,0.572847,475.671658,,280.0606689453125,0.0,0.0
1760914756,513736405,1760914756,494547584,103.31533813476562,56.16461181640625,99.26968383789062,1760914756,509359615,103.24213046172302,56.22652101722085,98.65638145353412,0.620751,476.292409,,278.0101318359375,0.0,0.0
1760914757,13635506,1760914756,994810496,103.25591278076172,56.503021240234375,99.65062713623047,1760914757,9366718,103.18273169399744,56.56529221688071,98.99431098680182,0.663313,476.955722,,275.8617858886719,0.0,0.0
1760914757,513649241,1760914757,495075456,103.18720245361328,56.84187316894531,100.05530548095703,1760914757,509331913,103.11487573018822,56.90468635279966,99.36244230526063,0.699454,477.655176,,273.6170959472656,0.0,0.0
1760914758,13729632,1760914757,995338112,103.11007690429688,57.18112564086914,100.48406982421875,1760914758,9337503,103.03855891925623,57.244763693197086,99.76016151374341,0.730211,478.385387,,271.2770080566406,0.0,0.0
1760914758,513761462,1760914758,495474560,103.0250015258789,57.52286148071289,100.93631744384766,1760914758,509392136,102.95378749359388,57.585527222507906,100.18676112328467,0.755535,479.140922,,268.8429260253906,0.0,0.0
1760914759,13678498,1760914758,995610240,102.93402862548828,57.86567306518555,101.4091567993164,1760914759,9385955,102.86059141245022,57.926898626002455,100.64138386268158,0.773703,479.914625,,266.3169860839844,0.0,0.0
1760914759,513679861,1760914759,495871872,102.83518981933594,58.20859146118164,101.90486145019531,1760914759,509366650,102.75897493435379,58.268909820486044,101.12326960683832,0.787612,480.702238,,263.70062255859375,0.0,0.0
1760914760,13736147,1760914759,996004480,102.72720336914062,58.55040740966797,102.42312622070312,1760914760,9357754,102.64894661481753,58.61157299882487,101.63160114246725,0.797733,481.499970,,260.9955749511719,0.0,0.0
1760914760,513616616,1760914760,496271744,102.6089096069336,58.89461135864258,102.9658432006836,1760914760,509366541,102.53051614699609,58.954896171404954,102.16552195310317,0.806408,482.306378,,258.2037353515625,0.0,0.0
1760914761,13740357,1760914760,996402048,102.48241424560547,59.23891067504883,103.52840423583984,1760914761,9369108,102.40370413205397,59.298858829026756,102.72409503931613,0.810372,483.116750,,255.32723999023438,0.0,0.0
1760914761,513649038,1760914761,496533376,102.34819793701172,59.58199691772461,104.11202239990234,1760914761,509621392,102.26844713766297,59.643655259731815,103.30671335437576,0.811594,483.928344,,252.36659240722656,0.0,0.0
1760914762,13760248,1760914761,996790912,102.20683288574219,59.92544174194336,104.71341705322266,1760914762,9347791,102.12500251156455,59.98868860110852,103.91137372227716,0.808684,484.737028,,249.32923889160156,0.0,0.0
1760914762,513728019,1760914762,497049216,102.05594635009766,60.27109909057617,105.33606719970703,1760914762,509353613,101.97313784245307,60.334574040535486,104.53812973136672,0.804730,485.541758,,246.21218872070312,0.0,0.0
1760914763,13668389,1760914762,997184128,101.89579010009766,60.61716079711914,105.97396087646484,1760914763,9353987,101.81295872606181,60.68109429057415,105.18556836361239,0.795306,486.337064,,243.01979064941406,0.0,0.0
1760914763,513767166,1760914763,497321344,101.72694396972656,60.96559524536133,106.62837982177734,1760914763,509481557,101.64443982997732,61.028337794841974,105.85279292103644,0.782482,487.119546,,239.7537841796875,0.0,0.0
1760914764,13659316,1760914763,997452160,101.55144500732422,61.31520462036133,107.29783630371094,1760914764,9333190,101.46774469175763,61.37601550756847,106.53814179313181,0.766707,487.886253,,236.4195556640625,0.0,0.0
1760914764,513733186,1760914764,497719936,101.36665344238281,61.665889739990234,107.98556518554688,1760914764,509404316,101.28271376630991,61.72448412940993,107.24118932478967,0.751382,488.637635,,233.0164794921875,0.0,0.0
1760914765,13725313,1760914764,997983872,101.1736068725586,62.01536178588867,108.68307495117188,1760914765,9384110,101.08948714741044,62.073514045508134,107.96032627326036,0.729948,489.367582,,229.54959106445312,0.0,0.0
1760914765,513623476,1760914765,498113920,100.97256469726562,62.364498138427734,109.39610290527344,1760914765,509377681,100.88804601064008,62.42318287700569,108.69453109168964,0.709077,490.076659,,226.02105712890625,0.0,0.0
1760914766,13701404,1760914765,998246528,100.76585388183594,62.71364212036133,110.12284088134766,1760914766,9437986,100.67839253487514,62.77352365173468,109.44267431560564,0.688376,490.765036,,222.4335479736328,0.0,0.0
1760914766,513736232,1760914766,498377600,100.54814147949219,63.06503677368164,110.86705017089844,1760914766,509349954,100.46064438352212,63.12438321324659,110.20320125272906,0.672215,491.437251,,218.7917022705078,0.0,0.0
1760914767,13725313,1760914766,998512000,100.32368469238281,63.41542434692383,111.62129211425781,1760914767,9362500,100.23472180934918,63.47593229044281,110.97523404369002,0.654955,492.092206,,215.096923828125,0.0,0.0
1760914767,513691453,1760914767,498647936,100.09075164794922,63.76594161987305,112.3856430053711,1760914767,509347555,100.00070589736475,63.828082465891725,111.75731442600434,0.637783,492.729989,,211.3533172607422,0.0,0.0
1760914768,13832086,1760914767,998909056,99.84996032714844,64.11808013916016,113.15643310546875,1760914768,9429057,99.75856086834823,64.18092517426606,112.54836212624554,0.618105,493.348094,,207.56320190429688,0.0,0.0
1760914768,513722330,1760914768,499043712,99.59971618652344,64.47222900390625,113.9384536743164,1760914768,509352742,99.50845342568424,64.53426019303834,113.34662465456319,0.602029,493.950122,,203.7320556640625,0.0,0.0
1760914769,13733518,1760914768,999171456,99.34140014648438,64.82666015625,114.7227783203125,1760914769,9417422,99.25025123210284,64.8883157037402,114.15129873352483,0.581978,494.532100,,199.86080932617188,0.0,0.0
1760914769,513702799,1760914769,499441024,99.07493591308594,65.1818618774414,115.51244354248047,1760914769,509403464,98.98411019752402,65.24291663499696,114.96065482833163,0.562537,495.094637,,195.95480346679688,0.0,0.0
1760914770,13728117,1760914769,999574656,98.80132293701172,65.53861236572266,116.30918884277344,1760914770,9420015,98.70999421603419,65.5981533676126,115.77355315832456,0.546618,495.641255,,192.01649475097656,0.0,0.0
1760914770,513737324,1760914770,499706240,98.51935577392578,65.89482116699219,117.1116714477539,1760914770,509381902,98.42798899876072,65.95395607439167,116.58847718546548,0.534394,496.175650,,188.0502166748047,0.0,0.0
1760914771,13734005,1760914770,999838080,98.22933197021484,66.25153350830078,117.91981506347656,1760914771,9405175,98.13805889186295,66.31041025893995,117.40425600442046,0.526876,496.702526,,184.0585174560547,0.0,0.0
1760914771,513700984,1760914771,500098688,97.93292236328125,66.60836791992188,118.72796630859375,1760914771,509420664,97.84028259234633,66.66745852356632,118.21938297504678,0.520318,497.222844,,180.045654296875,0.0,0.0
1760914772,13712615,1760914772,231296,97.62814331054688,66.96588897705078,119.53582763671875,1760914772,9367665,97.5347353379339,67.02505382509109,119.03236953931018,0.515457,497.738300,,176.01573181152344,0.0,0.0
1760914772,513903884,1760914772,500364416,97.31560516357422,67.32237243652344,120.34169006347656,1760914772,509356734,97.22138118891506,67.38327992438848,119.84201938375021,0.512112,498.250412,,171.97142028808594,0.0,0.0
1760914773,13758000,1760914773,625792,96.99579620361328,67.67961883544922,121.15125274658203,1760914773,9339812,96.9002931468637,67.74209355419325,120.64684346456988,0.517158,498.767571,,167.91683959960938,0.0,0.0
1760914773,513731410,1760914773,500765056,96.6683349609375,68.03753662109375,121.95479583740234,1760914773,509346624,96.57148654596246,68.10151838813762,121.44550154519985,0.522354,499.289925,,163.8553466796875,0.0,0.0
1760914774,13744995,1760914774,898432,96.33318328857422,68.39874267578125,122.74898529052734,1760914774,9353147,96.23501895539096,68.46153220157541,122.2365500051049,0.525518,499.815442,,159.7908477783203,0.0,0.0
1760914774,513730057,1760914774,501030016,95.989990234375,68.7603530883789,123.53591918945312,1760914774,509322078,95.89095624721556,68.82210676337263,123.01853531494393,0.530384,500.345826,,155.727294921875,0.0,0.0
1760914775,13740567,1760914775,1166720,95.63740539550781,69.12388610839844,124.32137298583984,1760914775,9321679,95.53929403434068,69.18328828420228,123.79016786283582,0.543446,500.889272,,151.6677703857422,0.0,0.0
1760914775,513729117,1760914775,501302656,95.2769775390625,69.48632049560547,125.09652709960938,1760914775,509345063,95.18007587506024,69.54507233546427,124.5500500824416,0.558103,501.447375,,147.61593627929688,0.0,0.0
1760914776,13732288,1760914776,1436800,94.91036987304688,69.84878540039062,125.8614273071289,1760914776,9367100,94.81336714386946,69.90743421818905,125.29674870001163,0.575944,502.023319,,143.57568359375,0.0,0.0
1760914776,513686160,1760914776,501702528,94.53678894042969,70.21016693115234,126.61293029785156,1760914776,509387466,94.43921043428276,70.27037365934218,126.02889011499117,0.595188,502.618507,,139.55056762695312,0.0,0.0
1760914777,13772942,1760914777,1970304,94.1546859741211,70.57489013671875,127.35610961914062,1760914777,9323705,94.0577167131382,70.63382653993536,126.74498508369265,0.621570,503.240078,,135.54483032226562,0.0,0.0
1760914777,513743935,1760914777,502209152,93.76726531982422,70.93669128417969,128.08351135253906,1760914777,509350503,93.66880257979106,70.9979142299719,127.44391896470029,0.650017,503.890094,,131.56065368652344,0.0,0.0
1760914778,13684902,1760914778,2341504,93.37308502197266,71.29936981201172,128.7937774658203,1760914778,9339861,93.27260630569602,71.36254830117706,128.12417735202823,0.680038,504.570132,,127.60246276855469,0.0,0.0
1760914778,513730967,1760914778,502587776,92.97132873535156,71.66531372070312,129.4829559326172,1760914778,509394822,92.86909716278969,71.72779853260268,128.78455986774117,0.708599,505.278732,,123.67292022705078,0.0,0.0
1760914779,13734453,1760914779,2724480,92.55929565429688,72.03368377685547,130.15451049804688,1760914779,9346912,92.4584640540815,72.09353683995496,129.42352425528418,0.740331,506.019063,,119.77679443359375,0.0,0.0
1760914779,513756031,1760914779,502990976,92.14061737060547,72.40169525146484,130.79896545410156,1760914779,509359654,92.04062455428586,72.45987978391254,130.03998067313998,0.767751,506.786814,,115.9161376953125,0.0,0.0
1760914780,13748536,1760914780,3248000,91.71481323242188,72.76828002929688,131.4189453125,1760914780,9357008,91.61568831216744,72.8267728769894,130.63255574343168,0.794768,507.581582,,112.09479522705078,0.0,0.0
1760914780,513731533,1760914780,503383424,91.28324890136719,73.1345443725586,132.01397705078125,1760914780,509348812,91.18370224033198,73.19421845415211,131.19999572822817,0.822214,508.403796,,108.3159408569336,0.0,0.0
1760914781,13708140,1760914781,3650944,90.84406280517578,73.50379943847656,132.585693359375,1760914781,9358019,90.74470156187624,73.5622290427111,131.74108141046392,0.852441,509.256237,,104.58258056640625,0.0,0.0
1760914781,513729297,1760914781,503920256,90.39746856689453,73.872314453125,133.1265106201172,1760914781,509329203,90.29878343084144,73.93076623445364,132.25454264730703,0.879479,510.135716,,100.89815521240234,0.0,0.0
1760914782,13812724,1760914782,4050048,89.94511413574219,74.24124908447266,133.6359405517578,1760914782,9308574,89.84597267619738,74.29985285551126,132.7392228273533,0.904083,511.039799,,97.26541137695312,0.0,0.0
1760914782,513747010,1760914782,504313984,89.48789978027344,74.6093978881836,134.11187744140625,1760914782,509449156,89.38617015198425,74.66961011169515,133.19409960885,0.925360,511.965159,,93.68609619140625,0.0,0.0
1760914783,13726890,1760914783,4443520,89.02348327636719,74.97783660888672,134.54898071289062,1760914783,9370699,88.9197937125478,75.03974584120336,133.61767947708225,0.939099,512.904257,,90.16584777832031,0.0,0.0
1760914783,513781544,1760914783,504575872,88.54903411865234,75.34880828857422,134.94552612304688,1760914783,509375227,88.44661972635613,75.41048273786029,134.00911971510817,0.944007,513.848265,,86.70525360107422,0.0,0.0
1760914784,13677493,1760914784,4710016,88.0688247680664,75.72157287597656,135.29708862304688,1760914784,9303648,87.96686023517431,75.78169790089308,134.36720924045875,0.937383,514.785648,,83.30809020996094,0.0,0.0
1760914784,513779598,1760914784,504847488,87.58292388916016,76.09364318847656,135.60086059570312,1760914784,509313560,87.48041966115693,76.15350864578575,134.69101051346715,0.917561,515.703209,,79.97583770751953,0.0,0.0
1760914785,13732193,1760914785,4979328,87.09080505371094,76.46602630615234,135.85275268554688,1760914785,9374548,86.98738131031267,76.52589294982849,134.97947131167254,0.881420,516.584629,,76.71116638183594,0.0,0.0
1760914785,513728160,1760914785,505111680,86.58866119384766,76.83987426757812,136.04893493652344,1760914785,509365475,86.4879386677236,76.89874859017618,135.23152967040707,0.825689,517.410318,,73.5173110961914,0.0,0.0
1760914786,13744243,1760914786,5381504,86.0821304321289,77.2142105102539,136.17935180664062,1760914786,9426293,85.98198300531223,77.27220028433659,135.44631743530343,0.742113,518.152431,,70.39545440673828,0.0,0.0
1760914786,513657325,1760914786,505515392,85.56958770751953,77.58792114257812,136.24256896972656,1760914786,509319999,85.46989248788066,77.64601428505146,135.62279968515077,0.630419,518.782850,,67.3496322631836,0.0,0.0
1760914787,13694409,1760914787,5787264,85.05249786376953,77.96244049072266,136.2549591064453,1760914787,9324742,84.95137246611546,78.0204506232797,135.7602308768461,0.508279,519.291129,,64.37975311279297,0.0,0.0
1760914787,513717226,1760914787,506025088,84.5267333984375,78.33760833740234,136.2281036376953,1760914787,509402061,84.42655330732401,78.39545677440982,135.85772785845944,0.388022,519.679150,,61.48816680908203,0.0,0.0
1760914788,13716439,1760914788,6286464,83.99910736083984,78.71127319335938,136.16148376464844,1760914788,9401384,83.89565723006115,78.77091828418759,135.91446171263314,0.274371,519.953521,,58.67755889892578,0.0,0.0
1760914788,513742763,1760914788,506528896,83.46338653564453,79.08563995361328,136.05288696289062,1760914788,509360913,83.35871864767529,79.14685659055013,135.92969122939178,0.172858,520.126379,,55.94940185546875,0.0,0.0
1760914789,13629616,1760914789,6794880,82.9211196899414,79.4620590209961,135.90576171875,1760914789,9335189,82.81573868105195,79.5233156996534,135.90270349392313,0.121930,520.248309,,53.304927825927734,0.0,0.0
1760914789,513689635,1760914789,507050112,82.36835479736328,79.84050750732422,135.72280883789062,1760914789,509316720,82.26679791560039,79.9002840864359,135.8328204944387,0.161213,520.409522,,50.74565124511719,0.0,0.0
1760914790,13725897,1760914790,7189120,81.81110382080078,80.21882629394531,135.5065155029297,1760914790,9367180,81.71189830434088,80.27780437310004,135.7193922230349,0.242150,520.651672,,48.272605895996094,0.0,0.0
1760914790,513709681,1760914790,507324032,81.24850463867188,80.5984115600586,135.2544708251953,1760914790,509336277,81.15127662550782,80.65576050842256,135.56186719529987,0.327467,520.979139,,45.88772964477539,0.0,0.0
1760914791,13643432,1760914791,7600000,80.68234252929688,80.97764587402344,134.96701049804688,1760914791,9362632,80.58484598836506,81.03425632515409,135.35966182630176,0.408516,521.387655,,43.59141540527344,0.0,0.0
1760914791,513630063,1760914791,507739776,80.10839080810547,81.3579330444336,134.64134216308594,1760914791,509327792,80.012816552114,81.41319656469564,135.11233002603507,0.483754,521.871410,,41.385169982910156,0.0,0.0
1760914792,13716196,1760914792,8012416,79.53130340576172,81.73743438720703,134.2803192138672,1760914792,9333655,79.43514767920274,81.79265366973772,134.81937705227568,0.550344,522.421754,,39.26935958862305,0.0,0.0
1760914792,513716699,1760914792,508254848,78.94833374023438,82.1163101196289,133.88316345214844,1760914792,509382468,78.85190160319146,82.17263138036925,134.48038508864968,0.607573,523.029327,,37.24465560913086,0.0,0.0
1760914793,13785440,1760914793,8388224,78.36124420166016,82.4963607788086,133.449951171875,1760914793,9347605,78.26331334023749,82.55302254389495,134.09510028159676,0.654995,523.684321,,35.312156677246094,0.0,0.0
1760914793,513724127,1760914793,508526976,77.76537322998047,82.87786102294922,132.97689819335938,1760914793,509325575,77.66933784343539,82.93390265704971,133.66314997041894,0.695201,524.379523,,33.47187042236328,0.0,0.0
1760914794,13700575,1760914794,8928640,77.16800689697266,83.25814056396484,132.4668426513672,1760914794,9353039,77.07000482726721,83.31529791448884,133.1842378292761,0.726311,525.105834,,31.723962783813477,0.0,0.0
1760914794,513739320,1760914794,509066368,76.56526184082031,83.63887023925781,131.92108154296875,1760914794,509318818,76.46553114001335,83.6971163929844,132.65827321008138,0.746184,525.852017,,30.069005966186523,0.0,0.0
1760914795,13737499,1760914795,9200000,75.95499420166016,84.0215835571289,131.34219360351562,1760914795,9359005,75.85582836293995,84.07945998111879,132.0849569019562,0.751586,526.603603,,28.506580352783203,0.0,0.0
1760914795,513624580,1760914795,509337728,75.3388671875,84.40583038330078,130.72579956054688,1760914795,509317219,75.24117120701419,84.46220276840012,131.4643727141595,0.747136,527.350739,,27.03708839416504,0.0,0.0
1760914796,13766137,1760914796,9607296,74.7166519165039,84.79056549072266,130.0701446533203,1760914796,9338892,74.62145179559857,84.84545849819256,130.7962833095683,0.734407,528.085146,,25.659847259521484,0.0,0.0
1760914796,513727899,1760914796,509741952,74.0901870727539,85.17423248291016,129.37757873535156,1760914796,509304270,73.99690685484276,85.22912726380706,130.08085755801207,0.711559,528.796705,,24.374858856201172,0.0,0.0
1760914797,13732119,1760914797,10011008,73.46031951904297,85.55786895751953,128.6480255126953,1760914797,9340360,73.36745284325389,85.61330699332491,129.31795841012556,0.678607,529.475312,,23.181306838989258,0.0,0.0
1760914797,513748763,1760914797,510280576,72.82769775390625,85.94132995605469,127.88419342041016,1760914797,509372373,72.73326939852376,85.99793440814999,128.5078014880201,0.633252,530.108564,,22.07878875732422,0.0,0.0
1760914798,13603213,1760914798,10416512,72.1879653930664,86.32617950439453,127.0781478881836,1760914798,9376524,72.09446838374288,86.3829889163702,127.65058618419236,0.582799,530.691363,,21.066619873046875,0.0,0.0
1760914798,513667627,1760914798,510552448,71.54593658447266,86.70939636230469,126.23591613769531,1760914798,509367891,71.45112663036596,86.76847171391242,126.74652026091441,0.522681,531.214044,,20.143922805786133,0.0,0.0
1760914799,13659406,1760914799,10794368,70.89791870117188,87.09778594970703,125.35907745361328,1760914799,9364187,70.80328835520638,87.15440370108175,125.79581217642581,0.450442,531.664485,,19.30966567993164,0.0,0.0
1760914799,513724720,1760914799,510925696,70.24508666992188,87.48441314697266,124.44961547851562,1760914799,509419834,70.15097653664711,87.5408182196493,124.79867880583816,0.365901,532.030386,,18.562694549560547,0.0,0.0
1760914800,13723014,1760914800,11191168,69.58443450927734,87.87308502197266,123.50125885009766,1760914800,9629615,69.49413763219238,87.92779323048273,123.75524989677437,0.275060,532.305446,,17.901708602905273,0.0,0.0
1760914800,513729103,1760914800,511328384,68.92174530029297,88.25944519042969,122.5240249633789,1760914800,509328408,68.83378881210473,88.31477962386215,122.66746930486983,0.177129,532.482575,,17.32621955871582,0.0,0.0
1760914801,13686069,1760914801,11466368,68.25608825683594,88.64759826660156,121.50907897949219,1760914801,9347341,68.16886021655208,88.70245357834142,121.53392823631131,0.105997,532.588572,,16.8337345123291,0.0,0.0
1760914801,513721072,1760914801,511746944,67.58811950683594,89.03608703613281,120.45882415771484,1760914801,509350223,67.49990587586788,89.0905382916269,120.35591053187125,0.146075,532.734646,,16.423147201538086,0.0,0.0
1760914802,13750986,1760914802,11886464,66.91384887695312,89.42707824707031,119.36653900146484,1760914802,9315385,66.82704919901008,89.479010792232,119.13406153055769,0.253529,532.988175,,16.092819213867188,0.0,0.0
1760914802,513622270,1760914802,512023424,66.23580932617188,89.81598663330078,118.2422866821289,1760914802,509334287,66.15025458308693,89.86794003912448,117.86878243336517,0.386684,533.374859,,15.840946197509766,0.0,0.0
1760914803,13711736,1760914803,12158592,65.55714416503906,90.20272064208984,117.08177947998047,1760914803,9328984,65.46971342570382,90.25726451653921,116.56094001632232,0.530936,533.905795,,15.665730476379395,0.0,0.0
1760914803,513735377,1760914803,512437120,64.87520599365234,90.58975982666016,115.8896713256836,1760914803,509360049,64.78544639110106,90.64702117741766,115.21113021805826,0.686843,534.592638,,15.565217018127441,0.0,0.0
1760914804,13726959,1760914804,12700800,64.18746185302734,90.97824096679688,114.65972900390625,1760914804,9400923,64.09756709607441,91.03719407757373,113.82017406811525,0.846409,535.439047,,15.53738784790039,0.0,0.0
1760914804,513660552,1760914804,512971136,63.50764846801758,91.3620834350586,113.40287017822266,1760914804,509383167,63.40627892791332,91.42771726865328,112.38913334477868,1.020904,536.459952,,15.580118179321289,0.0,0.0

Total distance between samples,,,,,,,,,,,,TOTAL_DISTANCE,536.459952
